Country_ID,Year1982,Year1983,Year1984,Year1985,Year1986,Year1987,Year1988,Year1989,Year1990,Year1991,Year1992,Year1993,Year1994,Year1995,Year1996,Year1997,Year1998,Year1999,Year2000,Year2001,Year2002,Year2003,Year2004,Year2005,Year2006,Year2007,Year2008,Year2009,Year2010,Year2011,Year2012,Year2013,Year2014,Year2015,Year2016,Year2017,Year2018,Year2019,Year2020,Year2021,Year2022,Year2023,Avg_Change
AFG,271.1988674,271.1988674,269.6298118,271.0053707,270.8235829,273.2711123,272.5678063,268.713584,272.0057611,270.506193,271.5997786,268.7431584,272.1199727,271.3122843,268.9668895,272.1467372,271.0571137,272.6390895,272.4303952,270.8242379,273.062132,273.9994913,274.0113238,270.0354063,270.7360328,270.8790705,266.1894848,272.3124219,274.3842087,272.5036598,270.0780761,271.3016951,272.5456936,273.7818507,274.1106651,272.5686525,274.0471917,273.5725494,270.4750666,272.0247405,272.7009938,268.6573807,0.1998713144
AGO,292.8170957,293.1640202,293.2326223,292.1105984,292.6606228,292.5691508,293.6621171,293.1424145,293.9108979,293.3873148,292.841604,292.9276128,292.567447,293.249488,293.1763995,293.8805806,293.956981,293.6031645,293.4244863,293.3388739,293.4389514,293.4839143,292.7611238,293.4737249,293.3252328,292.8462206,292.5423217,294.1065476,292.9573329,292.9789477,293.4562689,293.6015448,293.8688626,293.5643595,293.506709,294.0982306,293.5097549,293.7711351,293.2166799,293.2371877,292.9448312,293.8391224,0.04868168874
ALB,277.8376615,277.8376615,278.2725975,276.3500181,277.5000305,276.9524246,279.7251732,276.1419002,276.2699045,276.1604389,276.0888932,275.4967656,278.9290466,276.6131652,277.9169777,278.8959135,278.6499189,277.1749953,272.8716491,279.5199345,275.3443969,278.6427142,275.7731854,276.2742014,274.4750366,278.8850463,277.3961357,277.9099857,277.6477321,277.0431013,274.7081094,278.0759177,280.1226657,277.1816371,277.7605506,273.9816059,278.6826657,275.0966657,277.4753283,278.3990849,276.7972837,279.3590568,0.1768540631
ALG,284.9556092,284.9556092,283.8932955,283.859164,284.15178,284.6229594,285.7297973,283.3672292,284.4834322,283.9676051,283.0667306,283.2602549,284.6023117,283.1148734,287.3105562,286.3246087,285.7193487,284.420143,283.445722,285.4522072,284.5123336,285.151441,285.4493869,283.038557,283.5479982,286.1336665,284.3268851,285.056475,287.1562433,286.6269796,283.7953359,285.0621382,286.430356,284.3350333,287.3150482,283.2641067,286.5262015,284.1085637,285.1207209,287.2851572,284.5390126,285.1993199,0.1043046617
ARG,279.6322217,278.1852162,277.4772321,281.7179899,281.3271446,281.4093033,280.0352696,281.7679466,280.3362579,280.0065378,280.3206901,280.251754,281.7749221,280.3572636,279.2385123,280.8282763,281.2248373,279.82651,280.4241462,280.8991265,278.5202897,282.2794424,281.8608321,281.2886642,281.6196041,279.9142059,279.8030535,280.7885968,280.9500074,280.5061448,280.6787053,281.9494963,280.8743012,282.2472546,279.6376112,280.8558893,279.5555319,281.9934196,280.9815198,280.5765036,279.58791,281.96752,0.1171270817
ARM,266.209883,266.209883,269.6763733,267.9928265,267.7992629,270.4976018,266.7117371,263.7823345,264.8834895,267.2524057,263.2860896,264.8691289,269.5057476,268.335829,267.2688622,268.914055,266.4453153,270.6862215,266.3955257,268.1891977,266.1920556,268.3348074,268.0898344,266.7134202,265.2945777,266.4926805,261.7030776,266.52881,271.1937688,268.331343,268.4067096,268.35331,268.6838318,269.0056645,267.6916687,264.2925913,270.2473558,268.7453026,267.8958102,268.212892,267.0108469,268.9143348,0.2314802732
AUS,286.534089,288.0973142,287.9443321,287.0382315,288.2451069,288.6619119,288.7106717,286.7334151,287.2616692,289.4286762,287.9401859,287.6289351,287.8884171,288.1168085,289.8379275,287.7299221,288.1585872,288.0116429,286.7598724,288.1513114,287.9551506,288.3806848,288.2699469,288.5836417,286.6948775,286.1210106,288.6721814,288.2611746,287.9194406,287.0553421,287.0324849,288.203859,287.9912952,288.9165516,288.6669966,288.0047491,287.8660367,287.8683373,288.6238793,287.7201262,287.9859661,288.3860622,0.09065651204
AUT,267.7452608,267.7452608,269.3514087,264.1346052,268.3109588,265.3676877,271.6449154,269.9105591,269.3363972,268.9063566,269.89772,270.9345303,272.2088985,268.3358656,268.5641863,269.2636301,270.6509923,269.9308657,267.3559727,269.8640896,269.289974,268.5976844,268.2649408,269.4568536,266.5302901,273.8744541,272.4681403,267.9263903,267.6549514,269.9260625,270.5768039,270.780396,272.7760073,271.8878984,270.712798,266.0371743,273.1431148,269.4016978,271.4618954,269.6161417,271.547353,272.5340474,0.2375572882
AZE,272.2549402,272.2549402,274.4983295,273.1416466,274.2586271,275.4600276,272.6241915,271.143665,271.3522939,272.7248238,271.2411842,271.2214972,274.3204128,274.368474,272.3216667,273.5423477,272.5312792,274.9562972,272.5231193,272.624294,272.0891098,274.2592193,275.2807188,273.6715576,271.2371094,274.1119325,268.2479847,272.4720152,276.0170097,274.3821019,273.0967749,274.9862805,274.2672378,274.3146783,273.849916,272.6790866,274.4522444,275.0268289,273.9288421,274.2765516,273.7797536,273.4116013,0.1894884143
BDI,292.8763782,293.6742849,292.6344752,292.5324884,292.4145774,292.9558795,293.4275798,292.5469055,293.5299387,293.4102074,292.9410952,293.2019407,293.1383431,293.4334362,293.1635358,293.1292193,293.5842925,292.937566,293.3030238,292.5349377,293.1886282,292.870508,293.0814957,293.2113244,292.792697,292.6681253,292.7160891,293.3514581,293.8861084,293.5721239,292.8948522,293.4341923,294.039093,294.0147892,293.7285186,294.2575408,293.4143303,293.8421326,294.2320566,294.0172641,293.4795198,294.7536089,0.05704955094
BEL,274.2752528,274.2752528,276.3467741,270.14384,275.3731645,270.0883575,278.7473409,277.0044559,277.6316437,275.7569149,275.1056368,278.140798,277.7144521,276.6121235,274.4854859,272.2546733,276.9461387,277.9613059,276.4727088,276.166738,276.8255612,275.0649861,275.9534384,277.2863754,274.188531,279.5751421,278.7501793,273.0413026,272.5916723,276.3724689,277.5585664,274.8212456,278.559285,276.1337491,277.402782,273.5185239,278.6903117,275.5307224,278.4103825,275.6359697,276.8108722,277.7808552,0.231384991
BEN,299.4111037,299.4111037,299.6017735,300.8870757,299.4406171,300.7598265,299.8845178,298.1838139,300.5808759,300.3018117,298.6089369,298.3408895,299.7933116,298.8705219,300.7645647,300.7291493,300.1339963,300.3526282,301.0043261,299.5079977,298.9892255,300.2993078,300.2091841,299.2294891,301.6820474,298.8256367,298.158973,300.1002142,300.8450033,299.7386821,299.6002832,300.3701162,300.8511086,299.1130297,299.6921645,300.6245842,299.3071717,300.6753984,299.7639541,301.1964167,299.6869271,300.3095875,0.08592864296
BFA,296.7416823,296.7416823,297.7696871,299.2537154,296.8777112,299.0972142,297.598632,296.5767395,298.4935613,299.0236027,296.8885147,296.4125802,297.5735679,295.9210782,299.7782076,299.6672077,298.1731059,298.6006298,300.2526299,297.9038496,297.9498881,298.8736039,298.936331,297.977328,299.9105293,297.4211856,295.7416918,297.7165387,299.4012019,298.5531842,297.8422081,298.2239541,299.7552583,297.6034593,298.5341744,298.6091543,298.1083889,298.6586566,298.4736619,300.2687601,298.0281879,298.9223341,0.1104162986
BGD,292.0071043,292.0071043,290.6167712,291.9927144,291.6508281,291.8108594,291.9955715,289.9695809,291.9927927,290.7723191,290.9560869,290.5012072,291.939113,290.6042966,291.2143632,290.547064,290.1219838,291.5528278,291.2732206,290.4003911,291.9938746,289.5848299,290.9375602,291.59253,291.5805591,290.7353906,291.6565891,292.6453166,290.675599,290.2640125,290.971102,289.8105712,290.7289066,291.3663712,290.8436301,291.5410379,289.7483012,291.9393165,290.7149177,291.2243137,291.2875251,291.2689458,0.07464601716
BGR,272.2619468,272.2619468,274.8121578,270.2556843,274.837333,271.1668706,275.7257445,273.4880797,271.0251811,273.2070448,273.3069036,272.8562276,276.3326379,272.0195437,271.3109933,273.454072,274.6211499,274.0229476,269.5793311,275.0758387,272.5960247,274.1689476,271.4744733,275.0177071,270.5538567,278.6138152,271.8495924,273.6867232,272.5788716,273.2981465,271.7457762,274.2818464,275.6702668,274.8066908,272.6964527,268.8321341,275.0162616,273.8272146,274.8743958,275.5960668,274.3999629,277.7219281,0.2385775876
BHR,290.3658142,290.3658142,290.2567444,291.2786255,289.9126892,289.7071533,289.7523193,288.4644165,289.3631287,291.3377686,287.697052,288.8535156,291.2786865,290.131897,290.2570496,290.9774475,289.0559692,292.1376038,290.7048645,289.7355042,290.6742859,290.3043518,292.0057373,289.2886658,290.9862061,288.2990723,289.2652283,289.413147,291.8539429,290.6439209,289.8224487,290.9757385,289.6576843,290.4403381,290.1229248,291.1098938,290.8756714,291.7963867,290.8186646,291.6751709,290.4557495,290.5594482,0.1083061404
BHS,295.426683,295.426683,296.2279982,294.117806,295.4658984,295.9189629,295.484063,296.2040873,297.0742939,296.9625932,295.4739776,296.6415518,296.1179219,295.734708,295.3930596,295.4475872,296.1312792,296.2461853,295.0167731,294.4209893,296.1914388,294.6452332,295.2761101,295.0366445,295.818645,296.8774174,295.7617809,295.2875787,294.797083,295.0964717,295.5893105,296.6612915,296.3896901,296.3212391,296.4303557,296.2034622,295.6923525,296.4541578,296.4268285,295.9918579,296.1376311,296.8829964,0.07210946108
BHU,276.7827892,276.7827892,275.1711135,275.1754768,275.8747111,275.2275917,276.4905307,274.3752313,277.0599838,273.4317174,274.6545691,274.501583,276.1300763,273.5069772,274.4955848,274.1295077,275.2670997,275.5741119,274.8262088,275.5938056,274.8376243,274.9990909,274.1962408,275.2434811,277.5571353,275.9927019,275.9702572,277.0272168,275.8180931,274.2543045,273.6039606,274.7552195,275.8447044,275.1405143,274.3120757,275.1868641,276.322053,274.5391216,274.9341938,277.2351128,274.462612,276.8432199,0.1006199486
BIH,272.0732999,272.0732999,273.3114965,268.5681943,273.2204263,270.1233607,275.7536335,272.6288745,273.4998342,272.8764754,272.3480587,272.7260202,274.4036522,271.7721421,273.0903599,274.1226679,274.9493269,273.6648992,270.3743156,275.939035,271.8479042,272.7892353,271.9147577,272.771433,271.4856685,277.3401112,275.4411765,272.3568901,272.8841144,273.6698486,272.6645116,275.2035681,277.695491,274.5352219,274.5817102,267.9277622,276.5554432,272.0979569,274.3416191,273.9315428,273.6915891,276.3346219,0.2382372876
BLR,267.1695901,267.1695901,270.4484549,261.2740575,268.9957427,256.9740878,268.667811,273.6462204,272.6186915,270.4718388,270.7755955,270.8975235,272.6699566,268.8164876,263.7830361,267.5037355,271.8987047,270.3301169,268.9752844,270.9179415,270.2147837,267.5392885,266.5078213,271.8128279,264.9552825,273.656966,270.6847828,269.0462865,261.6304908,269.4828576,268.3030216,266.0987466,266.1068926,272.2100451,265.9589167,267.5314856,270.5852234,268.1846347,274.3338645,269.183001,271.0783355,272.4801058,0.4234091883
BLZ,296.6366774,296.6366774,295.1802654,295.1332545,294.8964027,294.9870094,295.7670327,296.2400306,296.5446541,296.8954015,296.1036672,296.5001644,295.899921,296.5598784,295.2219189,296.2155457,296.9362586,295.9671966,295.1912123,294.9692186,296.2977187,294.8410792,296.0892364,295.9861893,296.1340558,297.0577255,296.1666033,295.9804343,296.0137428,296.7808346,296.7324642,296.9666069,295.5487346,296.3387412,296.6442871,296.9118101,295.1916465,296.1948705,297.3341842,296.9469161,296.6923415,297.3704647,0.06169232864
BOL,290.0052374,288.2387693,289.5569542,289.840079,290.676586,289.6438391,289.3709427,290.888105,289.1178398,290.41141,291.3733532,290.5206075,290.8694059,290.8507468,288.7219946,290.6426097,290.2898866,290.1317493,290.3854224,289.5983324,290.2328754,291.7648226,290.3582925,291.5997047,291.5493961,291.5915593,289.3041953,289.722538,291.9889123,291.4463777,290.6860297,291.0158828,291.0299596,291.6756035,289.5066366,290.8135171,289.2695619,292.0334639,291.5237628,289.7606301,290.0416297,290.8933308,0.09255352636
BRA,296.5352096,296.218348,296.1704096,295.2602261,295.9369135,296.2727159,295.6394622,295.9260297,296.1698196,296.4416483,296.9071746,296.3032395,296.0091036,296.3012513,295.5318218,296.3030961,296.7240033,296.3678506,296.5306671,295.8728353,296.7894406,296.9275664,296.310959,297.2784045,296.5734614,296.8238398,296.0367811,295.9244778,296.9188467,296.582766,296.8504135,297.1542891,297.008269,297.094112,296.6677114,297.0085587,296.5835664,297.5117734,296.8594097,296.4735584,296.1044722,296.4188761,0.0549157888
BRN,298.7230275,298.7230275,298.6452026,298.7662201,298.1859538,298.6345266,299.2536825,298.7906596,298.6888936,299.0895233,298.6768799,298.4906871,299.0939077,299.2358805,298.1235962,298.6421407,299.9009501,299.0375061,298.9646047,299.020167,299.2092692,299.4207001,299.0497793,298.690155,299.1664225,299.0229543,299.1015371,298.5947469,299.2374878,298.8069102,299.4153493,299.3344421,298.0625254,298.7987773,300.3101145,299.9498851,299.2080282,299.9305471,300.0840556,298.9881846,299.3381805,299.2516632,0.05481924662
BWA,287.9873376,288.6086342,287.3305266,288.4097501,288.2821807,287.7372649,287.3148356,288.0376126,289.0884334,287.614193,288.2429825,288.0388639,286.7902151,287.90877,288.4678122,288.110153,288.9171186,289.2177691,288.1829588,288.4316441,287.6830965,288.7899282,287.8586319,290.6840417,287.5176845,287.9604108,288.5041869,288.6231442,287.2270597,287.1192336,288.2618511,289.2556488,288.3569143,288.0779513,289.2641605,289.5627336,288.9574284,289.0545876,287.5750804,288.2657997,287.4374735,289.626213,0.09497138051
CAF,298.9425478,298.9425478,297.2200485,299.7029061,299.0892988,298.7584703,300.484978,297.7503777,300.0603979,299.7952153,298.5693591,297.6860189,299.2443339,299.1165271,300.2346937,299.0823,298.6009799,298.7589223,299.2979883,297.3906239,297.7402266,299.8899965,300.3836017,299.5483091,300.953311,298.5910764,299.4624107,299.5499202,299.8626664,297.8623752,298.2465549,300.4314049,300.6034123,298.983849,299.7342775,301.4448992,298.9943758,301.1673999,299.5422333,300.8479753,300.3230947,300.7052804,0.1030451387
CAN,243.7821131,243.7821131,249.4392085,253.0648233,251.6958598,254.55893,249.4372853,249.4167059,250.4780027,248.2429821,252.8103539,251.7778555,245.8657135,253.4361175,246.9603934,249.4153773,248.0502583,250.4387637,250.5038514,255.0924332,251.6823782,252.5181249,247.7056758,249.5719144,255.0649591,254.3293747,251.8419921,251.1341201,254.1676766,252.1026092,252.4025823,250.821196,252.0357337,251.6338681,255.3574351,255.6319834,252.3672701,251.0432668,252.9543727,256.2893961,249.9818085,255.7994487,0.3050556822
CBV,295.1860103,295.1860103,294.2020516,293.9896154,293.6045055,294.6482935,294.4581343,294.2408142,294.4063996,294.6228137,294.9717792,294.3681866,293.7745563,295.0160114,295.8222173,295.2761808,295.4854748,294.2724497,294.3545547,294.8326283,296.3903169,295.020458,295.1265484,295.2193414,294.9136788,295.3484814,294.9382698,293.8659946,295.9943199,296.3858068,294.7734289,294.9768472,294.6430311,293.9601482,296.3739861,295.4457427,294.4739981,295.0156457,294.9339955,295.7559924,295.6648406,295.8091131,0.06794661807
CDI,299.0264766,299.0264766,299.3876234,299.4778575,298.7625478,300.1520903,299.3245121,298.7906164,299.2109333,299.61982,298.9418265,298.7756992,299.4474573,299.0106035,299.5578699,299.5282841,299.6914041,299.4376772,299.3553292,299.2545822,299.1518353,299.7174856,300.0371585,299.0733694,299.9484996,299.4412409,298.6912638,299.5628128,300.2906126,299.4255412,299.4954045,299.7722518,300.0622339,299.073275,299.6572588,300.1467319,299.6216873,300.0863014,299.8559549,300.2568293,299.8606965,299.9408236,0.03900850611
CHL,275.0072949,275.0757943,274.1910146,277.7116715,276.0251267,277.1008473,276.4811126,276.8789975,276.5205057,275.8196148,274.6919783,276.137193,277.1454216,276.2654504,275.7326411,276.1994397,277.4531132,275.859776,275.7023892,276.525582,274.7426519,277.2631135,277.7458924,276.1683995,276.7838634,276.0119865,276.2803228,276.8523934,276.3475751,276.4792626,276.4668659,277.1855655,276.3408123,277.8674956,277.199489,275.7025326,275.6604761,277.1782402,276.3053405,276.708337,275.8524497,277.8124534,0.08967026828
CHN,265.1264074,265.1264074,261.9633566,262.6890796,263.6495863,264.4552311,264.7372118,264.024985,263.9070663,264.0438918,264.4802973,262.8289435,264.3599105,263.6851299,263.2653597,264.4683131,262.951912,265.1626884,263.1012003,263.4729979,265.9334933,264.5266882,264.1960741,263.9069511,264.6557805,264.9857729,262.7844327,264.9248683,264.8220745,260.9253236,262.0612159,263.5276718,265.4875779,265.6920666,263.4223111,265.4866013,263.7554441,264.7439845,265.2055045,264.4063966,264.8131264,264.5589871,0.1221504826
CMR,297.1175382,297.1175382,296.3282963,297.5778844,297.0820422,297.2994953,297.4553131,295.407605,297.5712452,297.6994953,296.9185835,296.3367587,297.2981654,297.2908402,297.8088948,297.7477897,297.7783917,297.3987933,297.6963087,296.6871196,296.6691469,297.9179017,298.2475015,297.6473062,298.9382069,297.0885583,297.2782613,298.2721631,298.7625472,297.0554679,297.5919107,298.4805524,298.0198958,296.9001015,297.7108863,298.5893204,297.1934118,298.4335061,297.7876158,298.6108731,297.4628822,298.1700547,0.0861122415
COD,296.7453594,297.0757739,296.9317304,296.6288276,296.7294428,297.1886777,297.2627341,297.0034908,297.5176867,297.3001791,296.8404419,296.8487955,296.7693177,297.2263736,297.1349295,297.2403322,297.9428728,297.2618548,297.3338661,296.8175903,297.4549943,297.3260775,297.7195421,297.8081013,297.6701072,297.2822447,297.0251579,297.6865827,297.7599973,297.671787,297.6310436,298.1952311,298.4974073,297.848908,298.4001005,298.5582211,297.9896321,298.0560807,298.4024439,298.6483,298.0945884,298.5089654,0.04925542527
COG,296.2802857,296.5343211,297.085199,296.7838881,296.9831165,297.4511328,297.2076534,296.8778608,297.1771817,297.5253878,296.8527179,296.971138,296.8534185,297.3093158,297.1522043,296.9787703,298.1908446,297.3549918,297.1432783,297.0027478,297.3473109,297.5115583,297.3854635,297.6950762,297.9069064,297.5672436,297.0594252,297.5218519,297.8027603,297.3866141,297.6567246,297.836768,298.0259998,297.2880892,298.0692898,297.9684239,297.7295375,298.2353142,297.9868425,298.2997842,297.7785598,297.9474375,0.04925606003
COL,296.6787869,296.7060094,296.0309909,296.9995775,296.5798404,296.8935798,297.1686936,295.8886332,296.760338,297.4141895,297.1099486,296.6001786,296.9912633,297.1423722,296.6184246,296.8783659,298.0648385,296.3837361,296.7299071,296.3068786,297.0982811,297.8212205,297.2111629,297.3330274,296.7699037,297.7695625,297.0911562,296.853593,298.1276814,297.1225878,297.2017427,297.9570608,297.6477511,297.2337746,298.7781695,297.1633461,296.9703694,297.8253215,298.1302855,297.3134251,297.5351178,296.8729853,0.07047649437
CRI,295.6190353,295.6190353,294.9211142,294.8689433,294.9408105,295.5241076,295.7960815,295.1825196,295.6629407,295.6179646,295.5846334,295.3856824,295.0178356,295.5940909,294.8275349,294.7682035,296.0585826,294.8421192,294.3136034,294.5873104,295.4058563,295.7703419,295.3798618,295.0537238,295.2920309,295.799702,295.2706307,295.2417147,296.0097785,295.3975422,295.0462767,295.8005165,295.5348721,295.5799165,296.2605109,295.4206242,295.2234927,295.7273302,296.1639709,295.5524889,295.2792878,295.3158711,0.04748555075
CRO,273.5475024,273.5475024,275.3221156,270.0160648,275.4180288,271.5301606,278.0524434,274.121724,274.6101441,275.2655578,274.91338,274.5691003,276.9531179,274.8910116,273.6683066,274.3924452,276.978452,275.249515,272.9574699,277.3893688,274.0944441,273.5448653,273.5576491,273.9840667,272.8485041,279.3863322,276.6462483,273.3018229,273.7044538,275.4828927,275.6914547,275.9892226,278.8083633,277.0211541,275.6544421,270.2483906,278.5379284,274.6148466,275.4963367,276.2615898,275.5530769,278.2284875,0.2285431076
CUB,296.0742582,296.0742582,296.0437567,294.3430857,295.5234325,295.4660164,296.0415825,296.4474266,297.2700388,297.2822498,295.9422749,296.51024,296.1873327,295.8013435,295.6263685,295.7470938,297.0453281,296.720742,295.4369148,293.9445734,296.1256809,295.0406773,295.7490509,295.0426697,295.8791235,297.1603395,296.0292208,295.6314491,295.112957,295.5768028,295.8666653,296.9709049,296.3677763,296.6661583,296.4711357,296.3531654,295.660796,296.5203327,296.8127399,296.391782,296.2899925,296.8900227,0.08140674219
CYP,285.6813488,285.6813488,285.7690716,286.1064529,283.6217175,284.1588783,283.2047482,280.9145718,281.8107204,283.096365,281.2578716,281.9021301,284.9222565,283.7973804,282.6615028,284.4200935,283.2897072,284.8388538,282.1024399,284.5304737,282.3232098,285.6150761,283.1380577,284.2389164,282.7623196,283.2198563,281.9602089,284.5804253,285.2451286,284.4582005,282.8576984,283.8991146,284.9929657,283.4164104,283.0580692,282.6921215,284.8749943,283.8236256,283.6176682,285.6087894,283.1369724,285.5608177,0.1266312483
CZE,268.0299298,268.0299298,272.4052255,265.4489548,271.8792007,265.5548176,274.5365746,273.0216367,272.7724206,272.9536971,272.8522393,273.1560937,275.0918705,271.4350807,268.6660801,268.4721484,273.5937609,272.9135228,270.9370345,271.5870511,271.941567,271.0065838,269.6897068,273.1193476,267.4879638,276.457028,274.570664,269.225884,268.394446,272.184875,273.309646,271.591646,273.7626573,274.2113785,271.9532683,267.6223779,275.1524742,271.7477376,273.5346852,272.2121636,273.9927375,275.3826004,0.2684895915
DEU,270.9127184,270.9127184,274.329791,267.6405809,273.186777,267.1882066,276.675972,275.5340765,275.59967,274.536882,273.9498437,275.5300546,276.1208694,273.3932984,270.2083287,270.4173471,275.5580277,275.7439585,274.1971503,273.9651459,274.3860603,272.8863717,273.090635,275.2984202,270.6784118,278.0159054,276.9354211,271.2062412,269.5858305,274.2300323,275.1635552,273.4360686,275.3286312,275.406973,274.2646038,271.2581101,276.942187,273.9238958,276.7331567,273.8379234,276.0039905,276.7957634,0.2640902134
DJI,296.7220937,296.7220937,296.4156169,296.3307281,295.5158783,296.001122,297.1873393,296.038443,296.8742452,297.0881755,296.8583913,296.1609945,296.2705851,296.2197825,297.3664663,296.2695017,297.3492605,296.9208099,296.5945913,295.7595947,296.9823832,296.7280243,297.4484904,296.8559011,296.2059265,296.0445903,296.5982157,295.7949127,296.5394216,296.1701681,296.7133158,296.8129842,296.1589325,296.3511373,297.5293396,297.413623,296.0017202,296.7842448,297.3148244,296.2997284,297.5714528,296.7696482,0.05013596449
DNK,270.4856329,270.4856329,274.6668392,269.1791155,272.4901904,268.9709877,277.0698381,278.3104647,277.7130449,275.7773885,276.3733008,275.7637865,276.2486313,274.314559,271.7388343,272.3865803,276.0000071,275.8485756,276.5859817,275.2525835,276.4068564,273.7645177,273.1359463,277.0523264,272.721247,278.4105748,277.5200668,274.5503446,270.3760978,273.7093594,275.8141025,273.5857524,275.2308333,276.4699162,273.9543484,275.0051827,275.9763528,275.5564826,278.9313703,274.4710938,277.5320598,277.3138692,0.2429361606
DOM,295.1671475,295.1671475,295.413502,294.8567236,295.1632951,295.624137,295.7396115,295.2028073,295.7562224,295.6108223,295.5458109,295.2619189,295.536951,295.5870967,295.4137241,295.3552807,296.4994175,295.5053868,294.4472549,295.4686665,296.1507627,296.0680416,295.0948002,294.9024187,295.471673,295.9104812,295.0750584,295.7438395,296.0722777,295.7833701,295.3975866,295.8659856,296.1901362,296.0425545,296.2663242,295.440664,296.1931431,296.0557152,296.4232389,296.1471728,296.2263588,295.6903947,0.05005274681
ECU,293.5073198,293.8479831,292.7947475,292.1637957,292.2848006,293.219049,292.6967346,292.4277754,292.9339162,293.3936993,293.4413259,293.3434465,292.7802558,293.1875257,292.3077393,293.268064,293.0619911,292.2629091,292.2995303,291.7401843,292.3826862,292.4836976,292.6038642,293.1049285,293.1609635,292.8800401,293.12707,293.1224177,293.403488,293.7026259,293.6216184,293.3579676,293.8088418,293.9760789,293.9228981,293.9747418,293.1934359,293.7553173,294.0271012,293.5467899,293.2640044,294.1498621,0.05877263064
EGY,286.5645515,286.5645515,284.9537272,288.2073885,285.8814498,286.0669565,286.1847319,283.4915423,286.215544,285.4672301,284.7069711,284.8965936,287.476375,285.6063147,286.598417,287.3807618,286.1007381,286.692165,285.5691022,286.8224054,284.5955061,287.9123232,286.2950229,286.559703,286.7695019,285.8288857,285.1796869,287.784998,288.9406342,286.9890627,284.8234809,287.3935745,287.5784491,285.9730157,285.6662879,285.8127246,286.2110748,285.5079587,284.9359917,287.6573756,284.5980621,287.3665822,0.1329046814
ERT,296.3712016,296.3712016,295.0686243,296.9007186,295.5240157,295.5914456,296.0994259,293.9492942,296.1317935,295.8939412,294.3379928,294.7720578,296.6787806,296.3023554,295.6843565,295.3525312,295.7438848,295.9829367,295.9275014,294.9064152,295.0639044,295.9701414,296.3408176,295.2605342,296.6010702,294.9563882,295.755317,296.3375352,296.8912487,295.3491942,295.5396685,296.8877415,296.640968,295.4004133,295.7594756,297.1986563,295.2117514,297.7269026,294.8340739,296.4979796,296.1058631,296.6955557,0.09213678921
ESA,297.2807377,297.2807377,295.8879994,295.9423894,296.2875475,296.1002132,297.350926,297.7123686,298.0103596,297.8916299,297.3101534,297.1687622,297.0840868,297.5586559,296.0735681,296.8551287,298.1544734,296.7823094,295.8434437,296.0300271,297.4304537,296.2717547,296.660238,296.6009347,297.2519117,297.8768158,296.9402128,297.2061223,296.9011874,297.6672538,297.6501214,297.8545129,297.0161329,297.4085399,297.7253462,297.3993944,296.502158,297.7136078,298.2628915,298.0355562,297.8315724,298.1021216,0.05901092104
ESP,280.7585867,280.7585867,279.0144476,276.6196424,278.7813008,277.9007021,280.9233793,278.3710051,279.0637375,278.3807539,276.9067417,278.5386642,279.1521439,280.1381068,281.2987361,279.6438566,280.5591592,279.1755634,277.3387054,280.7298325,280.3769924,278.9915053,280.8575778,277.826597,278.144987,279.5180684,280.7007702,278.5894685,278.9025666,279.4028529,279.3184273,280.0232178,280.9627332,278.7618062,281.5229274,278.5633786,280.2462365,278.9233072,279.5480321,278.3590052,279.1181413,279.0781914,0.1195923184
EST,264.9152001,264.9152001,270.2097904,261.041905,267.6665365,257.12423,269.9712139,273.9567157,271.2090629,271.2989049,272.6726372,271.8911915,270.2619407,269.4832778,265.9959893,269.6130561,272.3391208,268.8302479,270.6244545,271.8767433,270.8109683,265.7554933,266.1416212,272.1319704,267.9418791,271.7745928,272.4995937,270.5771439,260.5312887,269.0343019,268.4309123,267.2815674,265.9297377,271.880697,264.3889354,270.5472101,271.3512704,268.1037876,275.8977013,269.6694459,270.9061591,271.5979735,0.4578895444
ESW,286.1571374,287.8860673,285.6839729,287.2412708,286.8059035,286.1070897,286.1662997,286.8716513,286.9422173,286.1600189,287.5476602,286.3310852,286.6840269,285.8844112,286.3917189,286.621109,287.6089583,287.344324,287.4301464,287.311453,286.7331379,287.0945575,286.0301032,288.4763066,286.3036088,286.9281992,286.9587813,288.1344464,286.9437373,287.1075662,287.9594292,288.1338841,287.937331,287.8693014,288.6807145,288.5167189,288.015652,287.6993842,286.6762965,287.4336747,286.2080653,288.9472163,0.07959130378
ETH,295.7437019,295.7437019,294.9708841,296.0837437,295.2644594,295.5048026,296.5913624,295.0448373,295.7183257,296.204119,295.493908,294.8842597,296.4367922,295.9902881,296.2818457,295.8004509,295.9826745,295.9552375,295.7007788,295.0025379,295.6914139,295.7608739,296.1844933,295.7462748,296.4226511,295.9286439,296.3693738,296.1109033,296.2124527,295.9627765,296.1153851,296.605413,296.2506828,295.7558582,297.0300021,296.3063091,295.684428,296.9625601,296.1906747,295.9664223,296.5343844,296.4549616,0.05233517998
FIN,257.351256,257.351256,262.9639747,252.5912373,258.8600431,253.1152436,264.8323389,268.2783871,261.7311925,264.7958435,267.4018027,267.0719407,262.1330546,266.7059022,265.9681785,263.7370219,265.6839466,260.7179519,265.4893139,267.8975907,263.6310387,257.4225576,263.1952222,268.005014,265.1047546,264.6132236,268.0358002,264.5842868,258.6173842,263.3121784,263.5042489,264.9621428,262.0667423,264.4337466,258.5713816,266.5855919,265.6793001,261.7320843,269.2976206,263.5135952,265.1557994,268.2542821,0.4074727619
FRA,278.1160364,278.1160364,277.131167,271.5168959,276.7686908,271.4522559,279.5982565,276.8529619,277.6230358,276.4974929,275.0554774,278.7122228,277.9568298,277.2455951,278.2025922,274.9143255,277.6924282,278.2715372,276.2146148,278.2425278,277.7074802,275.5388965,277.4178227,277.0849351,275.5021596,279.3361898,278.9449543,274.6831488,274.0022246,276.859837,278.1369271,276.5722545,279.4591822,277.3005686,278.759255,274.5592131,280.2045297,276.2740672,278.9119333,276.5724599,276.6349803,278.0235714,0.2134700924
FSM,299.7826893,299.7823503,299.5444882,299.6921775,299.7326367,299.5577563,299.9684269,299.9794043,299.9071399,299.621013,299.3225712,299.2758775,299.7430614,299.6188935,299.922705,299.7833341,299.7422351,299.9582426,299.8125194,299.9633745,299.919297,299.8854825,300.1372642,299.9374327,300.0939528,300.1233489,299.9495626,299.9766569,299.9685,299.9840721,299.9142092,300.2294677,300.2052738,300.250727,300.1612026,300.2623634,300.3637257,300.1873644,300.2122745,300.2608161,300.2051568,300.2288169,0.02653288364
GAB,296.2019948,296.3458164,297.0141023,296.5534602,296.6984126,297.3720222,297.3255733,296.8228634,296.7928058,297.2335465,296.4831086,296.8370272,296.7371855,297.2454732,296.7579068,296.6279022,298.0281328,297.348534,296.9476293,296.8295584,297.4505649,297.3141351,296.9452398,297.0715569,297.7095446,297.3752879,297.0616766,297.3386989,297.5114449,297.3597427,297.5228175,297.7137682,297.912897,297.3531269,298.1090067,298.0591419,297.9321208,298.0885731,298.1915418,298.1974421,297.7332182,297.7815082,0.04866944673
GBR,275.6285776,275.6285776,275.9107068,274.2057788,276.3050542,274.2420914,277.7989425,279.6285001,279.2585316,276.0895549,277.0350347,278.4014188,277.7250915,277.325988,277.6963571,275.9793074,278.106335,278.2163381,278.1284926,276.2747319,278.8289868,277.4357233,278.1821788,279.0428331,277.5555436,279.6320593,278.956622,276.5594609,274.5998146,276.6747562,278.1127344,276.992837,278.3785444,277.389138,278.2127902,277.5910656,277.6494321,277.1942918,279.3769674,275.9371037,278.3612541,278.1260856,0.1323483062
GEO,269.026193,269.026193,271.6174659,270.6947095,271.6494607,272.7244687,269.8975743,268.5411383,269.6449888,270.3219673,267.0083334,268.7862363,272.2020067,271.2041846,269.8622643,270.7531903,270.0659506,272.2506651,268.456285,269.3936895,269.1348816,271.2932493,271.1208369,271.3080412,268.818758,271.2272699,266.4083179,270.8379975,273.7731998,272.152948,270.6483785,272.0215511,272.3008525,272.2921505,271.2853304,269.9386801,273.1121053,272.7721815,271.5622464,273.6188432,271.2538653,271.7553307,0.179631266
GHA,300.311067,300.311067,300.7358619,300.7946396,300.1133429,301.1721227,300.840125,299.7223476,300.3656118,300.5390173,299.7104962,299.4349667,300.2361662,300.0258016,300.5723163,300.8249359,300.9332363,300.8446968,300.5763266,300.2270588,300.52012,300.9077444,300.632557,299.8236611,301.2538127,300.0567617,299.5007116,300.4683346,301.3736808,300.4493693,300.4360723,301.3022626,301.1512569,300.1110816,301.1584106,301.3747679,300.6741085,301.7699695,301.1996153,301.740972,301.1667398,301.0966373,0.05695128695
GIN,297.4051445,297.4051445,298.0538625,298.4145642,296.9978091,299.0787787,297.7463683,297.4507961,297.8082868,298.9990456,297.6395859,297.6481823,297.572913,297.2898188,299.2233283,299.5284325,298.3061189,298.4272645,299.2204479,298.2303768,298.6367645,298.5255414,298.8694455,298.2350947,298.770668,298.1443087,297.3326435,297.7727748,299.1068425,298.7500765,298.3035558,297.9916893,299.1977645,298.0159094,298.034258,298.708549,298.4413072,298.7478069,298.7787511,299.8345205,299.1939596,298.7597257,0.06918808477
GMB,297.4993388,297.4993388,298.6484324,298.3102366,297.2265905,298.2482808,297.1116867,298.2265193,297.4219742,299.4773839,298.7591654,298.5827535,297.3359222,298.0718104,299.5628891,299.6665014,298.8585587,298.0694199,300.1235174,298.5601832,299.7523727,298.8436712,298.1090851,298.143158,298.2359238,298.8373566,298.2052205,297.1861521,299.2372793,298.9781952,298.923645,298.3520686,299.079305,298.537501,299.7204514,298.9528554,298.337827,298.5521698,299.1891479,299.7464905,300.8136317,299.0741297,0.09029134115
GNB,298.3165179,298.3165179,298.8367046,299.2742192,298.1259516,298.4878471,298.1237793,298.5380318,298.4018388,300.2116387,299.2466777,299.3223794,298.1206075,298.5103357,299.7632384,300.2173524,299.1492067,299.4524058,300.4885552,299.0093738,299.9817567,299.2581718,299.0819619,299.053559,299.1914943,299.0838762,298.6997514,297.7964894,299.1632538,298.9211148,298.9867332,298.5363444,299.0412695,298.410297,299.5267036,298.8153693,298.4938604,298.8455221,299.3513392,299.9701954,300.5398143,299.349384,0.0669103652
GNQ,296.8624234,296.8624234,296.7781372,296.8386909,296.8081145,297.269815,297.4421907,296.6042288,296.9291337,296.92859,296.9837793,296.8922345,296.9543615,297.1904342,296.8217593,297.0289194,297.9673179,297.0049427,296.933431,296.6270402,297.3994412,297.3258769,297.5577788,297.7501017,297.5870135,297.8341743,297.1664395,297.3386988,297.7628931,297.3280278,297.4918462,298.2492924,297.8638826,297.796866,298.2497525,298.2520187,297.9700114,298.3582391,298.6922042,297.9882869,298.0454147,297.8901944,0.05092622917
GRC,278.8647089,278.8647089,279.6418686,278.7936299,279.8207723,279.0701513,280.6171956,277.0666097,276.8966746,277.4349722,277.5231981,277.4025431,280.5996702,278.5514016,278.5490232,279.8068486,279.4338696,278.8194421,275.5010349,280.0098257,277.0690893,280.7822614,277.4034767,278.8444904,276.4778327,280.8282407,278.7228912,279.875213,279.4626373,279.1605929,276.3363047,279.5750391,281.1902696,279.1691969,279.5787061,275.7711939,279.9976025,277.5844698,278.7687731,280.8136386,278.2830347,280.9500172,0.1387618212
GUA,293.3394167,293.3394167,291.98407,291.9743988,291.7952295,291.9775753,292.818764,293.1862429,293.3578823,293.7934314,293.1755729,293.3920013,293.0378603,293.6976506,292.2304161,293.4152728,294.2225509,292.9492643,292.2169385,292.2300334,293.3592971,292.1822894,293.1383462,292.7138597,293.2687954,293.9326011,293.2019965,293.2281517,293.3158706,294.2408872,293.9470274,294.130415,292.7344124,293.4436865,293.9630271,293.796241,292.2362769,293.7221657,294.5919226,294.1030223,293.7619316,294.3106083,0.0682120272
GUY,297.4722007,297.4722007,297.008411,296.8180999,297.1266741,297.4128184,297.9072109,297.0473047,297.1678788,297.5650111,297.6855008,297.3049225,297.6146499,297.7062803,297.6294117,297.7377174,298.5317078,297.5127605,297.3957663,296.9489587,298.0372605,298.1713629,298.0945541,298.4698155,297.6539701,297.987243,297.4450994,297.6456836,297.7657905,297.7378959,297.6645638,298.0932425,297.7789256,297.7499301,298.4550899,298.0081854,298.0182553,297.8891317,298.3099627,297.7650153,297.7527891,297.3091509,0.04179531466
HAI,296.5361735,296.5361735,296.9168752,296.0446862,296.5804486,296.7948066,297.1696667,296.719201,297.4266688,297.3487905,296.9877167,296.7965605,296.8483692,296.6285884,296.4426049,296.4517466,297.784128,296.9423065,295.5535295,296.5175273,297.3025767,297.1263606,296.1519106,296.0038418,296.8070119,297.5483237,296.5278846,296.8700163,297.0829544,296.9537998,296.8300671,297.2488039,297.8005541,297.4666901,297.648986,296.5441725,297.4080463,297.4152247,297.5704015,297.4128613,297.2848892,296.8420995,0.05480547649
HND,295.0256414,295.0256414,293.8938484,293.6957668,293.894263,293.5940233,294.7973911,294.8334708,295.1622585,295.182174,294.943641,294.9936838,294.5699793,295.1904071,293.9294914,294.4332227,295.7525083,294.3422307,293.5929528,293.6264052,294.8776494,294.0360088,294.778289,294.30808,294.6843761,295.5565376,294.7497049,294.58944,294.6467728,295.1332456,294.9415833,295.1870827,294.4254172,294.9178428,295.4283764,295.1418947,294.0065659,295.0827868,295.695779,295.5627702,295.4095595,295.4779957,0.05267208349
HUN,268.9823255,268.9823255,273.4303664,267.0017967,273.6556571,268.3189709,276.1681098,272.3151023,273.0855557,273.4536748,273.4029319,272.9480954,276.3478018,272.7898447,270.9753863,270.8453195,275.6281528,272.697703,271.1296642,274.3492072,273.1894912,270.6450994,271.3062046,273.1954989,270.6171844,278.1297053,274.4691383,271.7034398,271.5096227,273.3221701,274.5882186,273.6652081,276.20369,275.4675971,272.6141795,267.9262523,276.5182504,272.8730659,272.7377792,275.0745281,274.1958078,277.5755153,0.2714124044
ICL,268.0364312,268.0364312,266.0387258,268.6145192,269.3621084,272.8084342,266.4585241,269.8214531,270.714058,271.6268305,272.7979818,267.1115288,267.6367731,268.1146999,271.9690825,270.2593884,270.4670828,270.0122648,270.5758341,272.0297356,270.6723353,270.3095555,269.564289,269.6110965,271.8446428,269.0205029,269.5715181,271.9476354,271.8394331,271.2968869,271.1542697,273.0870683,273.0915687,269.8907671,269.55207,271.3637526,270.3600969,270.1301815,270.5956315,268.8790554,270.804063,269.085867,0.1720205592
IDN,298.9205728,299.0623831,298.5844132,298.727324,298.8506016,299.3464253,299.0783635,298.8572988,299.2298262,299.1219751,299.0986718,299.1491545,298.7590184,299.2705171,299.219041,299.3717952,299.6765782,298.9453003,298.6393635,299.0540507,299.1218614,299.4235824,299.1722981,299.4456679,298.9549918,299.2928258,298.9546366,299.5972841,299.5319269,299.1807915,299.2734954,299.7870492,299.6744407,299.4705961,299.8401993,299.4444566,299.5012994,299.4976242,299.6773595,299.6153098,299.3697944,299.8802841,0.03160660641
IND,288.4694783,288.4694783,287.517683,288.2014534,287.6202195,288.1696902,288.8976519,287.2199734,289.3887109,287.4982504,287.874429,287.948923,288.8238367,286.8761794,288.2721356,287.1392359,287.9640641,287.5204294,288.3878466,287.7340217,287.8545295,287.7947039,287.9164793,287.921898,288.5227372,288.2606509,287.8640695,289.451658,287.8752346,287.1042727,287.3241246,287.4961019,287.8451406,287.610484,288.7288273,288.5319432,288.2191885,287.7173055,287.8071813,288.5652119,287.5366592,287.9610856,0.06281655261
IRL,278.3125663,278.3125663,277.0937756,275.3227157,277.7759807,277.0602836,278.4678082,280.7927915,279.9783494,277.3441725,278.6960626,279.5764364,278.7297577,278.5274611,279.4199239,277.825912,278.8571138,278.8125219,278.7372801,277.1704799,280.6889461,278.543214,279.0288842,280.1733265,278.9458705,280.032638,279.791471,277.794561,275.6002429,276.8894496,280.1461815,278.7694969,278.8301871,278.2266751,279.2893981,279.4672785,278.8464309,279.340987,279.547758,277.4415156,279.5335574,279.3282863,0.1334164841
IRN,276.862795,276.862795,277.2232515,277.9842883,277.3599556,278.8064508,276.7562432,274.3262432,276.0557725,277.8631777,274.9626991,276.132096,279.4466838,280.0544474,276.3729216,278.9667322,276.977016,278.6149366,278.3270512,277.9123633,278.7473445,279.1076588,280.1052089,277.4098382,276.9278008,276.9035978,272.7132724,278.0309904,281.615214,278.4249206,278.539499,279.6615114,278.0929508,280.4187597,280.4486023,279.3981841,279.8828733,280.744828,277.9889195,278.8795134,279.0958334,276.9794587,0.2171205264
IRQ,281.4250316,281.4250316,282.1079866,283.2023842,282.1805863,282.5648317,281.5330197,279.083171,280.2998928,281.7907103,278.8672201,280.5998609,284.6173763,283.4709356,283.0598347,283.0147746,280.9447655,283.9746131,281.9967223,282.585267,281.452956,283.3812031,283.6320188,282.205802,282.6274042,280.7953828,278.9747462,281.4524268,286.1910927,282.502025,281.9411333,283.2825694,283.2487851,282.9774351,282.5888728,281.9714064,284.3744131,283.4935728,283.1687144,284.3068429,282.631725,283.2492032,0.1786310387
ISR,284.6260178,284.6260178,284.2639755,286.1104431,284.8316345,284.993605,284.3637329,281.8854294,283.5904037,284.1310463,281.9534149,282.7998962,286.1963295,284.7161095,284.8759476,285.6610321,284.6853554,285.7455116,283.9144058,285.4151566,283.5086639,286.4072456,284.9238655,285.0495605,284.6641762,284.1681564,282.6101044,285.5129356,287.4934982,285.9317062,283.8330536,285.3058357,285.8656982,284.4564316,284.2433998,284.410437,285.6203278,285.1819931,284.5892838,287.0066193,284.0966385,286.6317635,0.136782167
ITA,276.2367093,276.2367093,275.6168951,272.1656498,275.7644085,274.5390885,278.3344214,275.7668961,275.9704371,275.9518238,275.5832284,276.4883376,277.7222635,275.5459558,277.4996921,277.4487128,277.220429,276.5606021,274.9736655,277.8154551,275.031112,276.6062823,275.6694709,275.2618855,274.8125288,279.0442261,278.1220441,276.0340123,275.2528601,276.4363073,276.1401326,276.9918571,278.8085819,277.6259298,277.7006993,274.4431171,278.9945051,275.4682175,277.787833,276.2159992,277.1602225,278.2558682,0.1677701526
JAM,297.5932296,297.5932296,297.7007382,296.7317971,296.1148007,296.366023,297.0586982,296.4174082,297.2918781,296.9042808,296.7731516,296.5505146,296.6219193,296.6083406,296.1502348,295.9766251,297.2979688,296.7673822,295.6561472,295.8392141,296.9788465,296.6904088,296.4542044,295.9510707,296.8421438,297.3821813,296.6888653,296.6745493,296.7652973,296.4543457,296.6892058,297.3618453,297.0952421,297.3194789,297.6884412,297.127496,297.1303839,297.5130985,297.9919658,297.448973,297.4872677,297.4843268,0.05697118639
JOR,282.2526484,282.2526484,281.900052,284.0045241,282.1794994,282.6389878,281.5665815,278.5186307,280.5747394,280.7496157,278.5679853,279.9223473,283.4210392,282.6718499,282.2586024,282.7335101,281.4138561,283.0052494,281.005608,282.5898957,280.4476511,283.5949483,282.3259248,282.0656666,282.1730027,281.2372001,278.8053412,281.8708423,285.2806008,282.8842946,280.9957578,282.7725905,283.0967181,282.1514361,281.7684332,281.5872653,282.8015284,282.756139,281.5523719,283.9836366,281.3682919,283.3670262,0.1649261014
JPN,272.7164321,272.7164321,271.1529488,270.7092716,271.3381017,272.9609128,274.2855236,275.4940659,272.5418911,274.07898,274.4983012,274.7138863,272.9930012,273.1502226,273.1835082,273.5052142,272.547446,273.7586818,274.5477147,272.1339067,274.392928,272.9103129,273.3789654,273.4878119,273.0084325,274.9473128,273.4945117,274.5930704,274.3559201,271.8656816,272.5636227,272.5862762,273.4626587,274.5535327,274.1961137,273.7967034,273.4539864,274.3200483,275.9353719,273.4379259,273.5985961,273.7457713,0.1274658628
KAZ,262.0630362,262.0630362,261.4454762,260.6763561,264.2014627,262.3586094,261.8628224,263.1408738,260.9372898,262.4643715,265.1352882,263.7247212,261.1592198,261.0014406,256.9985053,262.4757149,258.7111292,263.7374492,263.2257964,261.7702555,267.8754606,263.1509305,263.1194341,261.6595353,254.8977654,267.2852808,255.3242671,262.271553,259.5455805,258.081998,258.2225796,263.2755713,260.5191037,262.8424007,263.2967669,264.046103,258.0383109,263.5370286,266.458755,260.3959214,264.7644915,261.7075435,0.3165291493
KENs,298.1599623,298.3147008,297.8890674,297.6298131,297.7122698,297.9104385,298.3323929,297.6341145,297.4675237,297.5923288,298.0568546,297.1044032,298.3474804,298.3837465,298.1450619,298.4332659,296.93476,298.1231912,297.839425,297.8411496,298.1588603,298.2437398,298.0754607,298.3809766,298.5847109,298.192089,297.9728183,298.7157552,298.5213915,298.7493978,298.1579192,298.159089,298.6109791,298.676987,298.9906765,298.6566879,298.239758,299.1886915,298.4481601,298.3242381,298.5576755,298.7372271,0.05497393796
KGZ,261.49171,261.49171,258.7589448,260.6545192,260.5090356,261.7035133,261.3752043,258.6741436,261.2739102,260.106007,261.3256,258.0255687,258.9971785,258.1909173,258.0600366,261.4041893,260.479451,259.7009816,260.5750034,259.5930958,260.7667308,262.4612906,261.4253186,260.095525,258.0469424,260.6368594,255.2255482,261.0204313,262.7984254,258.9223957,257.2242867,260.0232528,261.5178984,261.3601115,263.0863086,259.3669485,259.8952553,260.4019571,260.456655,260.7548215,262.159396,258.3050364,0.1917258655
KHM,297.303759,297.303759,297.8605427,298.5826646,297.5878499,298.7374503,299.6056843,299.9530691,299.6685511,299.7646371,297.6334839,298.160366,298.8688979,299.0947483,299.0811413,298.2971439,301.2214387,299.0668688,299.8028145,300.6873358,299.2935381,299.4268052,299.8297334,298.7792485,299.9129523,299.6005054,299.7138441,297.3522064,299.8329594,299.000658,300.3247846,299.7898689,297.2366686,298.4616949,300.7700764,300.1925978,300.0866204,300.8848998,299.8332778,298.1017945,299.7618758,298.1070848,0.09718951437
KWT,284.7732928,284.7732928,285.4129078,286.6993881,285.2214917,285.3356628,284.1655756,282.6999079,283.5822124,284.9317588,282.1164403,283.6343689,287.8969589,286.4201316,285.777013,286.3501548,284.0052047,286.6852151,285.1153909,284.8066692,284.9313571,286.1909652,287.0080153,284.806617,285.8010648,283.3742863,282.8022589,284.0361604,288.3558881,285.9659178,285.359119,286.5179798,285.6146664,286.3985812,285.6772372,286.0733534,287.1574756,287.1290382,286.7616557,287.197432,285.7142236,285.7231829,0.1521816539
LAO,291.2673131,291.2673131,290.6345981,291.9246362,290.9741159,292.2035613,293.0931443,291.9024851,292.9695628,293.2534856,290.3405664,290.5606483,292.8727806,291.9698171,291.8997036,291.7247022,293.897018,292.4246459,292.4426694,293.5766218,291.7745379,291.4294781,292.0979716,292.0590931,292.4601087,291.6110741,291.934801,290.3029555,293.2535986,290.3680168,292.3310262,292.2496587,290.3589201,290.9722708,291.9856286,293.4802533,292.5461178,293.310842,293.8109092,290.7409611,293.162782,291.2660648,0.08766006088
LBN,280.5258753,280.5258753,280.1899809,281.6813929,279.647899,280.2548774,279.422778,276.2804063,277.8990963,279.0871654,276.10672,277.7279914,281.5789436,280.3322503,279.3446548,280.6239696,279.1837302,280.6507263,277.9381624,280.4908591,277.4911194,281.8443352,279.4429142,279.912752,279.2944803,279.0368042,277.1196379,280.5703825,282.5054626,280.883281,278.923058,279.3073497,281.5094515,278.6092619,278.8184653,278.4255712,280.7273488,279.4792319,279.7142944,281.9572233,278.8845556,281.833961,0.1560668945
LBR,298.247438,298.247438,297.8589798,298.3216865,298.3021163,298.7970889,298.8989129,297.9717474,297.9919607,298.0385851,297.8982929,297.7505382,298.0647308,298.6404419,298.2512904,298.1853392,298.9295007,298.0695448,297.8160326,298.0941001,297.9130383,298.7603147,298.8582818,298.4612072,298.3881928,299.2361279,298.7929717,298.5044843,299.1362094,298.4152827,298.9357796,299.4420764,298.4846142,298.622835,298.706447,299.1093442,298.7662554,299.2767679,299.4309923,299.1910142,299.6570956,299.1092078,0.04650140021
LBY,285.157302,285.157302,283.5635473,285.8465389,284.467234,284.153309,285.3820818,282.6075664,285.5890787,284.3438596,283.4804133,283.3755357,285.5181341,282.8158949,286.8922157,285.9997002,285.0797459,285.2019467,283.4054252,285.5360883,283.2624689,286.2361388,284.8892551,284.3469317,285.1991026,285.3763455,284.1444427,287.348528,287.6339933,286.3266051,283.8521023,285.3318045,286.8742154,284.1622902,285.422511,283.5575136,285.2967832,284.0371861,284.0591401,287.0706622,283.8892905,285.8900466,0.1225957773
LKA,297.3239606,297.3239606,297.4582602,297.7041762,297.5595053,298.2207803,298.2762013,297.8068241,297.4425067,297.9818941,297.519472,297.4398908,297.8854539,298.1183935,297.9622408,298.1696544,298.8404412,297.5741089,297.3662845,297.8231754,298.1965648,297.789433,298.5394732,298.2446864,297.4467343,297.8974006,298.1183913,297.9021711,298.2335158,297.332633,298.0503221,297.8943428,297.943052,298.3174216,298.8368132,297.7578071,297.7692587,298.195319,298.9207211,298.3289034,298.5439148,297.7951754,0.0389453773
LSO,277.4935183,278.340557,275.9698732,278.4398816,277.5441308,276.5829683,275.8335075,277.2150442,276.7022932,276.8710938,277.5952872,276.7896148,276.0346931,276.9860331,277.2037365,275.9507536,278.3259756,277.8691963,278.3583452,278.4012026,276.7960038,277.037116,277.7837584,279.0320692,277.1913273,276.8378074,278.2966219,277.6157203,277.4464907,276.6158998,276.3956694,278.4750193,278.2087199,277.7735201,279.2562058,279.3013108,278.5120622,279.5103323,277.5271924,278.6231893,278.1636077,278.6080867,0.08967865443
LTU,267.8591819,267.8591819,271.5260474,261.8862098,269.7839959,258.4353749,270.7629733,275.1608185,274.0989756,272.2575313,272.6551954,272.2010886,273.1112921,269.7498918,265.7755717,269.4819157,273.2667285,271.135498,271.0071728,272.2149158,271.889361,268.181867,266.1959722,272.870178,265.9812384,274.2052539,272.5901178,270.2383977,262.3140704,270.3485115,270.1330097,266.7921377,267.3440532,272.7013889,266.1627271,269.8226993,271.5714167,269.1799526,275.8915429,269.7208825,272.825255,273.4306575,0.4257601969
LUX,271.9432922,271.9432922,274.2228455,268.6993591,274.1949829,269.3671051,277.4490021,275.4180725,275.6635864,274.4851837,274.2551971,276.8240356,276.3181274,275.1262604,272.7999542,270.4659729,275.6936615,276.472049,275.117868,275.4010437,274.1044189,273.1446564,274.2252136,275.4764648,272.4817688,278.2189209,277.0158722,271.7879028,271.461203,275.4078461,276.3156036,273.8227448,277.3286957,274.8831482,275.6339264,271.5493317,278.0551331,274.1473206,277.0247803,274.2597565,275.3283783,276.6962585,0.2321844334
LVA,266.6799734,266.6799734,270.8139633,261.9864085,269.0996381,258.2773343,270.6166784,274.7516912,273.143051,272.1309621,272.807088,271.940308,271.8407366,269.4511906,265.7207422,270.02668,272.9666677,270.2604336,270.8053638,271.9289613,271.5145685,267.5420444,266.3445632,272.4914642,266.6822714,273.3614912,272.4847639,270.5995101,261.1122391,269.8457721,269.3804188,266.3900612,266.6373887,272.2648907,265.4084079,270.0170039,271.4513221,268.8335717,275.9867631,269.7799881,272.1032194,272.404814,0.4319372872
MAR,283.0392846,283.0392846,281.937378,281.4188636,282.653584,283.6698396,283.1753028,281.1186851,281.294456,282.0986198,281.5323771,281.0815717,282.221392,283.0784218,284.4004965,283.7955892,283.9788941,282.2548439,281.2484159,283.9459502,284.4512279,282.6854059,283.7522383,281.1951969,280.8077442,283.3918432,283.9198866,281.6209143,284.2954181,284.0268158,282.3031237,283.6385841,283.6522849,282.5765528,285.8383001,281.7872217,283.1673365,282.8045065,282.7649784,283.8255297,284.0577702,283.0715156,0.1226964846
MDA,269.8521482,269.8521482,273.2191526,264.6919905,272.3623822,263.9170052,271.3350333,274.2008417,273.1878453,272.7026096,271.376339,272.125072,275.0422559,270.4751038,266.6426117,268.4455477,273.2301149,271.9435054,270.0652438,273.089064,271.2175272,270.3617362,268.954453,273.6478086,266.3184636,277.0587625,271.8717195,272.2097014,268.0325022,271.0481406,270.8719681,270.7690937,271.4805641,272.7901495,270.2681796,268.4738087,272.2207762,270.6196148,273.9684345,273.1441897,273.4434139,275.6391001,0.3205306643
MDG,293.4126562,293.7769622,292.5949162,292.1579521,291.3877554,292.09131,293.5634359,292.9547937,293.2844759,292.3956085,292.9822139,292.1414533,292.452105,292.5638988,292.5537597,293.5095921,293.005771,292.6474181,293.0863281,292.5120525,292.7162673,293.0399375,292.5833755,293.5666778,293.5294126,292.5095235,292.301883,293.8012274,293.9337204,293.6626907,293.3556769,292.4401591,293.4251809,293.6826069,292.6651717,294.1130668,293.5296859,293.5170191,293.349486,292.9031978,292.8502459,293.407222,0.06647101109
MEX,288.5877672,288.5877672,286.8902769,286.1077728,287.763593,286.4956238,286.8606077,288.2013544,288.1402093,287.8963601,286.2901339,288.6053312,288.2614438,288.2229768,288.0231355,287.340223,288.2894434,288.3527225,288.8429558,287.3153515,288.2687516,288.3670252,287.5393241,288.7665813,288.6872849,286.9607188,287.857461,289.043128,287.1391809,288.0101196,288.841127,287.6591686,287.7976168,287.7995474,287.1864056,288.8809449,287.7121902,288.2576466,288.7240336,288.1058931,288.3813426,288.9144448,0.07159402799
MKD,272.7893131,272.7893131,273.9515516,271.3540414,273.8350575,272.3096364,276.026105,271.9891538,270.9042063,271.6563561,272.9752132,271.1933894,275.6038028,272.0155119,273.6389335,275.2016091,275.1426176,273.0996164,268.88278,275.8253544,270.7401383,274.9168761,272.2372997,273.3692177,271.0039093,276.7194869,273.7877067,273.6556782,274.3709972,273.7287177,270.6808832,274.8915365,276.7521187,273.6467455,273.7720302,268.4522045,275.6472183,271.1652222,274.0415579,275.3981038,273.3356758,276.7887203,0.2033296545
MLI,292.163488,292.163488,292.7139469,293.4869971,291.8506866,294.2476117,292.8127419,292.957861,293.1049238,294.6291247,292.3902777,292.3607489,292.0419004,290.9619019,295.8810931,295.3451002,294.103579,292.7880661,294.7350169,293.9804955,294.1124537,293.9107562,294.3732267,293.293261,293.1512574,294.3344268,291.4731135,292.2514281,295.3661026,295.2890487,292.5447849,292.9869139,294.9907777,292.7595349,295.3613731,292.501995,294.504301,292.9987527,294.0809697,295.9618788,294.0473261,294.4948801,0.1219506558
MMR,291.0908833,291.0908833,290.6563662,291.5492991,291.3727933,291.7824446,291.7896761,290.8140926,291.7836423,291.3081917,290.1488815,290.5812784,292.6207995,291.7680806,291.1899608,290.5236065,291.8834147,292.5195891,291.7406071,291.7284013,291.7149588,291.5697821,291.6873809,291.9591117,291.6767129,291.2950447,291.9675479,292.2352952,292.8173764,291.6400639,291.7519909,291.6289012,291.7184847,292.0918066,290.6421727,292.5422442,291.5505284,291.9110365,291.8900823,292.6955993,291.9094398,292.3430878,0.06508524087
MNE,272.5773315,272.5773315,273.6476451,270.7352661,273.4595601,272.1505625,275.9553579,272.0836619,273.5050863,272.2738719,272.2659292,272.9827189,275.1032074,272.6710815,274.6900513,275.8021189,275.2899251,273.9454671,270.2326202,275.6604838,272.7533976,274.7588898,272.1456736,272.7370605,270.8709218,276.1677806,274.7186483,273.9673106,273.9179871,273.6010234,271.8732981,274.8225037,277.2754761,274.0862732,274.4115977,268.9220734,275.8328176,271.9838236,274.3956848,274.1677846,273.2002177,276.3616506,0.2037415295
MNG,255.3207415,255.3207415,251.5193066,253.9957482,255.2389358,255.162705,253.157163,256.1051013,252.8712703,253.9599703,256.3757388,253.0137946,255.3103437,255.3209185,253.1501095,255.094896,252.8951966,255.266515,251.1426942,251.5705419,257.8365017,255.0517418,254.4701551,252.4485069,254.5051732,256.3495383,251.4924394,254.7955459,251.6374084,249.0691617,250.6615678,254.1572348,256.9794563,257.9721979,251.1362444,254.8282115,251.4283344,255.3850486,255.9675786,254.2919816,255.9397092,254.8318359,0.2171472236
MOZ,293.2855091,293.9988304,292.7611456,292.4226324,292.4490763,292.6615819,293.5839375,293.3546567,294.3170387,292.9490596,293.968499,293.359798,293.3282181,292.6706771,292.7989273,294.438125,293.4812122,293.1375771,293.3840796,293.1457322,293.2875449,293.124157,292.6812102,294.4040501,293.3615974,293.6795647,292.8323509,294.1639231,293.4814898,293.9061919,293.7388423,293.55435,293.7347987,293.8185809,293.5077399,294.1552173,293.8222532,293.6590888,293.8075963,293.3233019,292.8259282,295.1711474,0.0670369514
MRT,290.9735451,290.9735451,290.6034444,290.751634,289.8910147,292.2182565,290.7257832,291.0046351,289.9984369,292.3988423,292.0061331,291.0614882,289.7371499,289.8312452,293.4924012,292.6426594,292.6499581,290.3588713,291.1360475,292.341085,292.4675866,290.8276818,291.8445946,291.2293381,289.5233835,292.8972306,290.648972,289.896663,293.6757323,293.2978939,291.2326302,291.2019439,292.3352547,291.1815613,294.8038405,290.2551904,291.4740375,290.7671422,291.7756967,293.2769519,293.6038946,292.5427769,0.1287916345
MUS,295.1774902,295.5498556,294.4300944,295.0243632,294.3195292,295.4367574,295.3037923,295.1279806,295.3345337,294.9788005,294.7828979,295.0490214,295.2513631,295.1317342,295.0030314,295.0515849,295.3586121,295.344401,294.9380697,294.6598206,295.0943705,295.3635661,294.9454956,295.6091003,296.1359253,295.2888184,294.8359578,295.9497579,296.3619486,296.3657023,295.491689,295.1711426,295.9735718,296.2219543,295.3677572,296.1152344,296.0080872,295.8899231,295.1633708,295.5954692,295.0411072,295.9417013,0.04990666087
MWI,291.4473515,292.4044804,290.9345024,290.4593357,290.2725273,290.602593,291.822302,291.1754856,292.2875635,290.8355332,292.0783708,291.0510087,291.2486664,290.9420697,290.6781832,292.6752981,291.3814683,291.0655536,291.3275407,290.7840733,290.8189237,291.0037433,290.4177146,292.1247925,290.9702568,291.2947418,290.2054677,292.0421958,290.9711607,292.3812433,291.331063,291.3040594,291.7285327,291.7932943,291.2178471,291.9589317,291.6552832,290.8619096,291.6281976,291.0405107,290.404295,292.956404,0.06709600681
MYS,297.467891,297.467891,297.0858956,297.5112029,297.2338459,297.4700792,298.2849692,297.8151142,297.6610654,297.9047777,297.6328069,297.5449984,298.0203696,298.0745426,297.305705,297.7667153,298.9852513,298.0595332,297.7287581,297.9242417,298.0455649,298.2773204,298.3659412,298.0633152,298.1678472,298.0453397,298.2298642,297.704155,298.3469409,297.8113635,298.2799245,298.4268649,297.4481798,297.9342638,299.5253148,298.7145366,298.1065119,298.9427948,299.2686456,298.0179543,298.5350828,298.2060743,0.05949802888
NAM,288.4190976,288.7371036,288.7780532,288.6405202,288.8701419,288.6993245,288.5866907,287.8346728,288.9000751,287.9190429,288.838113,288.8067093,287.1536889,288.8982353,289.5260915,288.4911119,290.3645625,289.6320187,289.318537,288.9453131,288.01035,289.1712622,288.9384554,289.9977265,288.6392827,287.7955664,288.9587413,288.8465986,288.5799816,287.0430249,287.8992671,289.9392299,289.2636361,287.5916006,290.6721477,290.4205657,289.919346,290.7144186,289.3687223,289.4542235,288.8428075,288.9015517,0.08954618727
NER,290.7584975,290.7584975,289.5609941,292.9279812,290.2045128,291.0582412,291.2450789,288.6048186,292.8438459,290.6462821,289.430002,288.7003822,291.0973137,288.6427714,293.1506658,292.2815827,291.0190567,291.2788424,292.8150208,290.8197335,289.5178763,292.3550552,292.1455604,290.5605803,293.8597442,290.3908922,288.8582362,293.3139294,293.3067808,291.6797702,291.0527065,292.0219077,293.1881649,290.0399557,291.36502,291.6581386,291.0799703,290.7925861,291.330803,294.0313062,290.0634173,292.3384265,0.1323533561
NGA,298.538089,298.538089,297.5904115,299.7173887,298.4200505,298.7879969,298.6472414,295.9660279,299.3162511,298.6585177,297.349337,296.8025361,298.5003079,297.488246,299.101299,299.1221849,298.5824528,299.1283217,299.3984027,297.4581931,297.1224235,298.7825112,299.2414908,298.1696405,300.7467195,297.5074446,297.1175864,299.3810634,299.7435904,297.8018128,298.2207468,299.1860845,298.9007592,297.5283817,297.8680797,299.2852556,297.719256,298.9442752,297.8619687,299.4291294,297.8610257,298.5511285,0.116602234
NIC,297.1589689,297.1589689,296.5024931,296.055266,296.3645676,296.3129299,297.0780195,296.6604918,296.9491354,297.07341,296.8499601,296.8733749,296.7544005,297.0818202,296.4485706,296.3720567,297.6072963,296.6339195,296.0450501,296.2288904,297.213533,297.1756004,296.9983889,296.6358473,296.7838738,297.4502387,296.9139566,296.9594723,297.2364392,296.9857155,296.6291109,297.3132218,296.9903626,297.3869273,297.5720258,296.9926659,297.0807696,297.3867474,297.6402048,297.5636236,297.1334844,297.1228617,0.03890621315
NKO,261.7979106,261.7979106,260.8126516,259.9714707,260.5035989,262.4697985,263.9064842,266.9976109,261.9572401,262.997074,265.2697416,263.7449824,263.9489059,263.7159874,262.9515429,261.7740753,262.6906887,264.3487246,262.2896907,260.4537915,265.3479759,262.4707376,263.667442,263.3070054,264.6027056,266.2363794,264.010852,264.0921404,262.4938228,260.2185505,262.5230958,262.5293756,264.8821191,265.0870001,262.4129739,264.4325845,261.5603523,265.7745343,267.1584287,262.9994923,263.6675942,263.6677073,0.175291658
NLD,274.463224,274.463224,276.7134182,270.4103573,275.6373968,270.6617491,279.1676357,277.9983459,278.7614325,276.495803,276.2323786,277.8967429,278.3422511,276.9986764,272.9213635,272.1764462,277.9416369,278.4005364,277.6680078,275.9872311,277.6672418,275.8629931,276.7805573,278.3904251,274.6746372,280.2448385,279.4756209,274.1822583,272.6442992,276.549756,277.8623752,275.1951154,278.5221711,277.2103745,277.6369792,274.7948133,278.5165554,276.7101937,279.2898463,276.4565685,278.4287221,278.8102552,0.2398653945
NOR,262.4306181,262.4306181,262.6604458,261.1843649,260.6502925,259.845866,267.0294904,270.7266838,266.7516168,267.7561642,270.0456078,268.6556147,263.1763777,267.3188152,267.1145922,267.0613348,267.2541846,264.7092342,268.5438839,267.8142301,266.9388849,263.277437,264.9256775,269.7432097,268.4304203,266.9936461,269.0161335,267.6458287,262.6560801,266.4131704,266.2112216,266.3822565,265.5151164,267.1154485,263.8460063,269.4440328,266.4496999,266.3016925,270.8371569,264.177926,268.7308723,268.6918407,0.2680802646
NPL,279.6986958,279.6986958,277.6844413,278.498667,278.0233358,278.4075911,279.5147452,277.7804603,280.3310908,277.1173555,278.2214845,278.0675664,279.0308559,277.0940237,278.097999,277.9600005,278.1227421,278.1330965,278.4687108,278.0597484,278.28126,277.2518561,277.3683264,278.3524475,280.0691526,279.5038526,278.5236735,280.448823,278.4476782,277.1472422,276.7031943,277.3731457,278.1816923,277.8439263,278.3994375,278.426382,278.6781935,277.7888952,277.2966811,279.710581,277.274981,279.0184322,0.09135679858
NZL,278.1420476,278.4040161,280.1848822,279.9770767,278.8963614,279.4605696,279.9181358,279.3208716,279.3685897,278.3725467,278.1372974,280.2612517,278.7352551,278.8358452,278.1629441,279.1751818,280.1356049,279.5056838,279.923608,279.2023409,280.7586723,280.9734501,280.1978818,278.8820872,277.7259681,278.6181275,279.8442146,278.1017106,279.0116899,280.7516381,278.5150476,279.5003969,281.1920948,279.561219,280.8877219,279.8873016,279.3090868,279.451394,280.5981556,281.2594539,280.3617488,280.2850417,0.08618257996
OMN,292.6901183,292.6901183,291.8858338,294.3669536,291.8403559,292.495513,291.7821451,290.7719016,292.9954553,294.3840773,291.2372014,292.1482014,293.201308,292.9954542,293.9720292,292.0902945,293.2329226,293.787866,293.4433635,291.4752081,293.0452947,292.6996394,293.3743983,292.5951836,292.456407,291.8748885,292.9706636,291.366155,293.1450576,293.3602298,292.4952868,292.8600485,291.8511171,292.3333016,293.6137779,293.878501,292.359454,293.9132698,292.7604761,292.672675,293.1802781,293.6685353,0.08810184483
PAK,284.2392684,284.2392684,283.2323437,284.4435966,283.2717318,285.3413104,285.8543281,283.5215346,286.1578665,283.9745418,284.4022792,283.9494824,284.7365559,284.2615625,283.270006,283.718171,284.0489676,284.2269499,284.6363342,283.9776606,285.0815716,285.3948773,285.3278627,283.3758765,284.0699225,284.4867013,282.1597175,285.0585374,285.6058739,284.0842818,283.2695289,284.3535372,284.1448204,284.6914851,285.9391282,284.268543,285.6064693,284.9139379,283.0199999,283.9147655,284.3911119,282.888791,0.0975158295
PAN,297.0402829,297.0402829,296.5581458,296.5378043,297.1519397,297.6847385,297.8323841,297.2001098,297.6624571,297.7560088,297.6224826,297.5575514,297.4323915,297.958588,297.141784,297.3546333,298.7090015,297.4209808,296.8531249,297.2259242,297.9998417,298.2909387,297.8037516,297.9056657,297.9183865,298.5930595,297.7675794,297.7358967,298.6257658,297.8026867,297.8083757,298.4059334,298.2396625,298.5569385,298.9925146,298.0777721,297.8825645,298.283102,298.5899576,298.1191527,297.8202906,297.7858292,0.05987098353
PER,290.4997028,291.1532302,290.1458673,289.4710393,290.1052926,290.3712653,289.9292227,290.2018513,290.1564776,290.4837754,290.9586761,290.7388865,290.2262182,290.9044878,290.0630035,291.2480857,290.9462056,290.3568798,290.4677028,289.7620912,290.5830429,290.8236253,290.1435978,290.9601435,290.7884255,290.5684066,290.340436,290.6726438,291.2331691,291.1291937,290.851403,290.7787982,291.6067198,291.5348636,290.9395406,291.1789636,290.2464259,291.3134238,291.5103183,290.8321792,290.3944649,291.0412717,0.05208976759
PHL,297.00253,297.00253,297.5842217,297.3792605,297.2662525,297.4659519,299.0104302,298.2421327,297.8877625,297.9673895,297.5738525,297.7300317,298.1478385,297.8250688,297.4319857,297.2837971,298.5045078,298.4966168,298.1629088,298.3799831,297.8755781,297.9714574,298.1637934,297.760046,298.552248,298.4725934,298.4640481,297.850851,298.1916184,298.0356055,298.6677912,298.2288319,297.2356377,297.8657103,299.0143227,298.4624236,298.7238222,298.3747126,298.8937024,298.4908921,298.5289815,298.3291876,0.04906811607
PNG,295.1309176,296.0632778,295.2981229,295.3015341,295.630569,295.9433044,295.5582416,295.7489743,295.7764093,295.9710602,295.6906503,295.5490516,295.6687629,295.9949163,296.0333363,295.3965591,296.540024,295.6402649,295.6980813,295.836086,295.9801965,295.8389261,295.3010293,296.2071227,296.1111948,296.4660237,295.6396323,295.8056279,296.7017686,295.679931,295.9641956,296.3325321,296.2768551,296.165342,296.7296891,296.0947807,295.9534995,296.2047424,296.6564407,296.2314411,296.8034945,296.5810202,0.04079455864
POL,268.9124148,268.9124148,273.1743642,264.8344457,271.6885797,261.9085642,274.2615881,274.8476729,274.8394627,273.1008073,272.340024,273.141078,275.1840374,271.7237076,267.5228636,268.8552811,274.0842188,273.3243942,272.0221159,272.7330255,272.7432247,270.4947083,268.4407652,273.9757596,265.9273329,276.6342314,274.4926188,270.4292872,265.7925376,272.5056809,272.3467891,270.0852149,271.2612668,274.3969527,270.3842207,269.3925918,274.0472253,271.576111,275.3842037,271.9034491,274.0825709,275.9716017,0.3591626135
PRT,282.435583,282.435583,281.3131527,279.6833764,280.9133559,280.842695,282.5325587,280.8760978,280.9744163,280.6884775,279.2354455,280.6372335,281.2564896,282.3222462,282.8024684,281.4508011,282.4805823,281.0795984,279.4597975,282.5278625,282.602154,281.1562116,282.7173861,279.9016577,279.759675,281.0985167,282.964009,280.7622921,281.4413439,281.6207114,280.8832746,282.1732483,282.8937328,280.4296625,283.3821829,280.6260336,281.692539,280.8824833,281.8397906,280.33524,281.7763851,281.360758,0.1011399365
PRY,,,,,,,,,,,,,,,,,,,,,,,,,,,,,,,,,,,,,,,,,,,0.1617135929
PSE,284.3947266,284.3947266,283.8950348,285.5859711,284.4942078,284.5948181,284.0118225,281.6141876,282.943396,284.0099884,281.4181946,282.5013733,285.8817108,284.345517,284.505365,285.4519226,284.3529572,285.5089142,283.6272827,285.1454651,283.2492981,286.0336121,284.6372498,284.587088,284.2011444,283.8551239,281.9579285,285.1842834,287.1954742,285.6392548,283.5334656,284.7993225,285.5456848,284.1447815,283.8641357,283.9703217,285.2740906,284.4931122,284.1678894,286.5586609,283.8274689,286.2880249,0.1409092601
QAT,289.6917676,289.6917676,289.2717976,291.2338369,289.077036,288.983747,288.759658,287.1819378,288.5317399,291.168025,287.3048851,288.9830274,291.1099259,290.1049901,290.1514138,290.3592867,288.9573926,291.7649151,290.7051054,289.218546,290.4722322,290.0455467,292.6849413,289.3742579,290.617671,288.5276136,288.8943642,288.8861775,291.320857,290.8214673,289.9275898,291.2663831,289.5612359,290.042209,290.4976132,291.2312172,290.4790585,292.4944988,290.8379533,291.4084264,290.8081906,290.9513791,0.1342195993
ROU,269.0545568,269.0545568,272.9870106,265.801524,272.4947514,267.7049038,273.6809812,271.8537308,270.8226731,271.8209438,270.7604532,271.2461933,274.4324365,270.2453055,269.4678504,270.5901469,272.8319543,272.1946676,268.2611007,273.3092876,271.0262111,270.7146419,268.961862,272.7815617,268.046726,276.6726838,271.1878647,271.7508517,269.8027691,270.815643,271.1073378,271.5314749,273.2614171,272.9906931,270.5105818,267.3815033,273.3857876,271.2169569,272.5835566,273.4030828,272.7698608,276.5044601,0.2651502392
RUS,245.2219989,245.2219989,251.138895,245.2485307,247.4174188,244.2062073,248.8849174,247.8832654,244.9473384,249.5183118,249.917816,251.3987697,247.119585,251.5215677,248.2826808,247.5687152,247.7043261,246.8710148,246.894783,245.8304452,249.2782427,248.7040832,249.6786917,250.9902311,243.668398,254.2907554,249.0422118,249.2621256,245.8270632,248.989792,248.8177664,246.6726942,245.1720876,249.6768171,249.6166361,249.3569434,249.8320418,249.6297544,253.4523551,244.8209218,251.2105465,247.0938595,0.2590818885
RWA,292.3375034,292.9649925,292.3317709,291.8953829,291.2587547,291.7284651,291.8670168,291.2232571,292.1309738,291.9680319,291.3488398,291.5960026,291.6201639,291.8326969,291.5991564,291.6116123,291.8291426,291.4926882,291.7187529,291.1329784,291.9957533,291.3911352,291.8619308,291.669136,291.5907593,291.4015093,291.3097754,292.0272055,292.5068731,291.8633089,291.4369116,292.2613344,292.3265676,292.3446274,292.6859941,293.0760155,292.3194838,292.4944429,292.8259325,292.9266911,292.2853632,293.4698048,0.05699576401
SAF,283.96495,284.6929717,284.1447063,284.7204134,284.5431435,283.8047832,283.2497958,283.5984709,283.6011737,283.5230781,284.0950966,284.0434258,283.3409164,283.8473317,284.4850469,283.4486057,284.9681012,285.1646957,284.8693286,285.0993522,283.4070555,283.9198071,284.4706054,284.8703653,284.1953431,284.098974,284.5001157,284.6888353,283.9217001,283.2876309,284.1444901,284.55308,284.2826016,284.3800049,285.6805483,285.6883403,285.2800811,285.7503074,284.8623745,285.9136546,284.684775,284.9453074,0.0649721643
SAU,287.9575541,287.9575541,286.9867086,289.6499963,286.9854257,287.4627592,286.9796669,284.7209498,286.8769808,287.9429682,284.5619044,286.5576228,289.1460431,288.5229218,288.4801277,287.9873711,287.2188602,288.6501632,288.058338,286.7375686,287.4589221,288.2962672,289.5987457,287.5305704,288.6859797,286.4791932,286.5934231,287.1183349,289.774961,288.4429289,288.0553056,289.206136,288.484311,288.2561362,288.4831194,289.6304997,287.8891584,290.3520707,287.8176107,289.4120841,288.7032866,288.8616924,0.1412235686
SDN,294.4852147,294.4852147,291.0098766,295.4960073,292.7802373,292.5788425,292.8197286,289.1747898,293.420901,292.3163718,290.7372065,291.1895237,294.6520256,293.5629908,292.8896366,293.3990208,291.6612612,293.8548876,293.2281074,292.1294061,290.5629348,294.130186,293.7685786,292.1592248,295.1565214,291.2193436,292.8739134,294.8374734,295.4915558,292.2802846,291.9493263,294.9476762,294.2470851,292.2530573,291.4390181,295.4695482,291.9397803,294.7926362,291.1913509,294.55981,292.2863588,293.6069135,0.1541760378
SEN,297.2769533,297.2769533,298.0728626,297.7294617,296.5399293,298.2438369,296.9409034,297.9708561,297.0858836,299.2405378,298.5520578,298.3608137,296.6265069,297.3019343,299.8218252,299.6281185,298.8185647,297.336232,299.5253175,298.5093898,298.8398438,298.3661831,298.1386286,298.1621423,297.5665629,298.9047333,297.6708675,296.6823509,299.2704617,299.009859,298.2641939,297.6410519,298.7553546,298.0649631,300.0143185,298.3561808,297.8430539,298.2363592,298.9855266,299.7645495,300.5265807,298.7831073,0.09723540068
SKO,270.8001154,270.8001154,268.3054352,268.73463,268.924967,271.1245775,272.3355314,274.194171,270.7636681,271.2788865,273.2076705,271.6178484,272.3617178,271.5647695,271.5205656,270.5795994,272.2480439,273.0960134,272.1907838,270.3443544,273.7113984,270.5761952,271.8132326,271.2455346,273.2469471,273.5388015,272.3032366,271.6742037,270.5912981,267.4955666,271.2476418,270.3761324,273.1845825,273.1202373,271.6492439,272.6486062,270.4739426,272.871414,275.4186349,271.8343941,272.158642,272.3109631,0.1932455684
SLB,299.6877994,299.7281382,299.3020997,299.4312926,299.6348253,299.7415229,299.7238496,299.7317235,299.9171627,299.628184,299.4163996,299.2352535,299.4558584,299.7124057,299.6125759,299.2532473,299.8965664,299.460929,299.5381032,299.5288554,300.0027255,299.6423344,299.3637123,299.978734,299.8418237,300.1511475,299.4518741,299.9197769,300.4213878,300.1020675,299.8278891,299.9620755,300.0094712,299.8095072,300.2970932,299.8150343,299.9443844,300.2219852,300.2608684,300.0783965,300.1378294,300.329469,0.02893010489
SLE,299.0917729,299.0917729,298.9260085,299.3338769,298.7559081,300.0132625,299.6337725,299.010276,298.8842069,299.0023281,298.633256,298.3780229,298.8553067,298.9989631,299.2244269,299.4422296,299.8015004,299.2500071,298.7578618,299.4633149,298.7861003,299.6673318,299.7071871,298.7160375,299.4125431,299.4699941,299.2176192,299.3901711,300.0758238,299.5052458,299.5933815,299.6178173,299.3732303,299.1637164,299.24198,300.3161498,299.7422135,300.2909134,300.4573023,300.5856895,300.6054619,299.6958556,0.05432778216
SOM,298.1552831,298.156432,297.3249534,298.0385987,297.2292498,297.8215855,298.7330006,297.8099839,298.5454988,298.5230973,298.2815824,298.0559438,297.9975903,297.5993096,298.6992988,298.0050776,297.9324723,297.9814753,297.8867606,297.7672086,298.5139889,298.3738764,298.8034447,297.9488654,298.2726497,298.2915389,298.2766178,298.2751501,298.5226642,297.813713,297.9931595,298.387858,297.9453775,297.8431483,298.9950738,298.0648277,297.1231983,298.2853763,298.8747532,297.8442887,298.6620434,298.2705847,0.04565550059
SRB,271.5913039,271.5913039,273.6581216,267.8815691,273.8952041,269.96644,275.8214069,272.3032082,272.0793274,272.5386157,272.3944279,272.2049585,275.3294099,271.8846161,272.397725,273.2688364,275.2781867,273.2517357,270.0751123,275.6238337,272.1061224,272.5057748,271.4113767,273.0813874,270.664482,277.6244749,273.8038309,272.2311836,272.797852,272.8224179,272.7095087,274.69751,276.3958351,274.5266736,273.1933363,267.5626237,275.6336462,271.9446495,273.1223065,274.7927322,273.1697947,276.9198324,0.2454110038
SSD,301.6184219,301.6184219,299.6160064,302.5594436,301.3908845,300.8540664,301.6130643,298.6423876,301.5013492,301.1855547,300.0629959,299.7830941,302.805071,301.8253671,301.4300255,301.0659319,300.4327382,301.191077,301.2582632,299.6760366,299.8322174,301.9589828,302.2155249,301.6885842,302.9658117,300.3302894,301.5709927,301.991992,302.8460853,300.7201466,301.3877036,302.732608,302.7400039,301.2361644,302.12704,304.0721912,301.7484533,303.9080942,300.7508239,302.808747,302.3014842,302.3011969,0.1324342358
SUI,270.1137487,270.1137487,269.1205155,264.0706179,268.1739574,265.3568875,271.34743,268.8586048,268.5325325,268.5030986,267.3415383,270.8036684,270.4520213,267.606028,269.6522155,269.1109726,269.2484605,269.7777849,267.439655,269.8690737,268.2027791,268.1469566,269.2375627,267.7533805,266.4746624,272.5292979,271.6160926,266.7293763,266.5944594,269.1042756,270.30853,269.3770846,271.3058271,270.5858208,271.0705673,266.1435799,272.997878,268.1400077,270.8449391,268.7293856,269.778119,270.3745347,0.2177380491
SUR,297.9436782,297.9436782,297.5763764,297.506804,297.7203007,298.0887565,298.9536039,297.4718917,297.6865109,298.0853968,298.4914437,297.9155824,298.2251882,298.4214083,297.9483534,298.0836237,298.9304602,297.9714276,297.6035601,297.3914857,298.4649916,298.7477958,298.8926931,299.1292828,298.1445437,298.6107084,297.9473942,298.0424073,298.5446703,298.3646274,298.1816257,298.6442467,298.243059,298.338256,299.2111726,298.235516,298.4351531,298.3446285,298.9645667,298.1618261,298.1769481,297.6329425,0.04438260706
SVK,266.9363486,266.9363486,271.3489215,264.9797777,270.9398609,265.363223,274.2270474,271.3790364,271.7456197,271.4837723,271.2157707,271.2210511,274.4852969,270.7689586,269.55331,269.362115,273.7236794,271.4427984,269.1375626,272.3678583,270.6743247,269.6447561,268.6463939,271.5270793,267.6123477,275.7299555,273.41647,269.8790614,270.006552,271.3856021,272.023127,270.8373042,274.3532374,273.60456,270.483891,265.7781478,274.3186927,270.3514667,271.9917552,272.6053732,272.8085397,275.5812026,0.2621994587
SVN,270.6131352,270.6131352,271.5268953,267.2121201,272.8582279,269.619575,276.8526622,273.3556628,273.5699381,273.7291636,273.7347336,274.1067374,276.4728628,274.0068163,272.3753008,273.34075,276.0855451,273.85309,270.522116,275.9459485,272.6211586,272.0938993,272.2721748,272.8593374,270.7092618,277.4102478,275.8480742,272.2763459,271.3870861,274.2779192,273.9179905,274.2884707,277.5781212,275.5342451,274.0438423,269.6171488,277.3438296,273.4064843,274.9193164,274.0678199,274.1826483,276.3695799,0.2528292958
SWE,261.1310829,261.1310829,262.4541474,258.8415864,260.0860911,256.8550374,267.4248835,271.190847,266.2024571,267.9763544,269.8586392,267.8561326,262.9710941,266.3083875,266.5556533,267.5580445,267.5782675,264.0357357,268.0020311,268.3963905,266.1790096,262.4734398,263.8956964,269.2598828,266.8575439,266.2673372,269.6856754,266.880584,261.6266794,265.4600708,266.1447782,265.0317995,264.3132237,266.8486666,261.9154211,268.1259548,265.6546859,264.3797457,271.5690063,263.531008,268.0545667,268.5462987,0.3588772915
SYR,279.8257442,279.8257442,280.8039553,280.9714518,280.0264946,280.7856157,279.5670319,277.21917,277.7181266,279.347528,276.3683526,278.4427961,282.0015959,280.9774423,280.3311537,280.113809,279.307669,281.5944101,279.4584381,280.9998424,278.7998133,281.5990227,280.5812925,280.2846217,279.5725555,278.8557163,276.7430388,279.7259977,283.005978,280.9967547,279.8438,280.8164713,282.1486315,280.2168187,280.0795776,279.5759978,282.1898071,280.8822851,280.6485714,282.739981,280.5501006,281.5034083,0.1618933018
TCD,293.730276,293.730276,291.2272914,295.9626556,292.8059547,292.5108882,293.1215259,289.5572378,294.5801561,292.7598542,291.2490862,290.5299243,293.5771511,292.1687489,294.1436484,293.347111,292.3737185,293.988303,294.0974336,292.1845286,290.571313,293.7331083,294.0556999,292.3715579,295.6818231,291.8824387,292.246035,295.6027893,295.3187445,292.5106061,292.758583,295.2129345,294.1988578,292.0692051,292.1644498,295.6290204,292.2074779,294.2789436,292.399301,295.4375905,292.3141779,294.3622755,0.1562297021
TGO,299.9191227,299.9191227,300.0020257,300.667637,299.8403179,300.9052434,300.4267207,298.7907074,300.4487185,300.3086393,299.0168877,298.8612826,299.8366761,299.621483,300.5994236,300.7731885,300.3371626,300.3996303,300.6512845,299.8770199,299.5751073,300.3217464,300.1915668,299.2212591,301.2303582,299.4618597,298.7825269,300.2278725,301.0471722,300.2259008,299.9478353,300.8142899,300.898962,299.5122831,300.4823237,300.948803,299.9345292,301.4228356,300.5189443,301.5290651,300.5686137,300.740705,0.06698873769
THA,295.344927,295.344927,295.1182057,296.5262497,295.0265949,296.4029486,297.000946,297.1580807,297.390199,297.5072701,295.1867734,295.5537182,297.0408275,296.6752017,296.1570775,295.7928098,298.0894589,296.929088,296.9454507,297.8636473,296.4273828,296.1009182,296.8268185,296.7966454,296.7821533,296.4059152,296.7375034,294.810617,297.6472183,295.6792407,297.1931819,296.9097543,294.6042273,295.5587522,296.8339819,297.5647943,297.2227966,297.6203498,298.1761058,295.6875418,297.3904528,295.9583409,0.08711898935
TJK,260.501152,260.501152,259.2537458,260.4175367,260.2765055,261.98078,261.8491473,258.9915292,262.3227004,260.5059961,261.9598961,258.9277009,260.7220329,259.6946502,258.3805314,261.6971216,261.3903345,260.9233886,261.4594125,259.8513015,260.884769,262.8696593,262.842921,260.3061787,259.6617774,260.065846,255.8423451,262.2642191,264.0088609,260.9875785,258.257127,260.2155615,261.939554,262.7594071,263.2337307,261.088187,262.1445849,261.9309032,260.6288693,260.4777119,262.7998778,258.7391472,0.1991833124
TKM,273.2668369,273.2668369,273.9861793,273.2585194,276.8605071,278.0622971,275.06612,273.0809862,273.7532544,274.5751986,275.2566168,275.2913909,276.2256076,276.9552418,272.7707075,276.7207549,273.8249568,276.4103733,275.7058356,273.2706026,277.9725889,276.1279312,278.7639325,275.5839859,270.1508875,278.0332593,265.0897523,275.9383337,277.5692427,275.6032679,273.7803199,278.3974248,275.6981558,275.9704558,278.9670903,275.8504655,275.8570314,279.0410058,276.5189792,275.4203202,277.2276166,271.4433058,0.3402744754
TLS,296.088679,296.3193868,296.1255239,295.7210676,297.8879937,297.9239604,297.2882487,297.6042718,297.1312663,297.310847,297.4320984,297.7536858,297.526496,297.5397763,297.8397454,297.4014045,298.1831343,297.2588637,296.8082564,297.4741109,297.3577304,297.2420858,296.9652659,298.0135023,296.9349111,297.7992113,297.3737233,297.3451809,298.0584242,296.2584449,296.626041,298.1964823,297.9509837,297.5792067,298.776947,297.7144199,297.8580051,297.285631,297.9448836,298.432802,298.2948456,297.9473182,0.07453364344
TTO,298.2756478,298.2756478,297.8650905,297.6352365,297.69744,297.9907575,298.3976353,297.934518,297.9976763,298.2394627,298.0938546,298.0907462,298.2010542,298.2137451,298.4604623,298.1693682,298.7178083,298.2506496,298.1170524,298.0759365,298.6450413,298.5186462,298.5807277,298.8008597,298.5816214,298.9402204,298.3077393,298.8263375,299.0722961,298.9808393,298.7736991,298.8552333,298.549966,298.7904707,298.712398,298.6105783,298.5923506,298.4857178,298.8536813,298.8361991,298.3866185,298.4293692,0.03505023597
TUN,284.6727677,284.6727677,283.167412,282.2714257,283.4311884,282.7535046,284.8908933,282.8576889,284.1144519,282.448118,282.042569,282.3019965,284.4740717,282.5788366,285.5294574,285.2056086,283.9542781,283.8973134,281.7725181,284.589177,282.972033,284.4103639,283.8117561,282.1499699,282.0510786,285.2766914,284.1081208,284.3353545,285.3224567,284.5468142,283.2695118,284.3256821,285.057257,283.3006078,285.3372992,282.0360595,285.5082283,282.8134674,284.2014795,285.6078022,282.6968508,283.5973244,0.09354351635
TUR,273.4334552,273.4334552,274.9916451,274.8786691,274.592794,274.3885395,273.4657278,269.4994694,270.3905305,272.4608077,269.3860865,270.3755705,275.828382,274.4904395,273.3466129,274.4059641,272.8467865,275.3085159,270.5306375,275.3222932,270.4268799,276.387054,273.2283238,274.2184032,271.5444336,272.9863486,269.6159715,273.8274159,275.9117139,274.0004262,272.151395,274.3251038,275.5935937,273.5352815,273.1360269,271.1672657,275.4843346,274.2967245,273.5783547,275.9021085,272.4773055,276.0543651,0.1707553044
TZA,294.3042606,294.8129146,293.8565477,293.5809698,293.343733,293.737169,294.5377483,293.5396813,294.267851,294.2137785,294.3109491,294.532648,294.2286023,294.2699132,293.910605,294.6121758,294.3484187,293.9845843,294.2406663,293.9205942,293.8191931,294.3000106,293.8908777,294.7115002,294.1827012,294.0894334,293.6036081,294.9742894,294.7567619,294.7684626,294.2339614,294.1044541,294.6983399,294.7949972,294.1838197,295.1706363,294.1981362,294.6445479,294.6923921,294.143121,294.2426589,295.0962067,0.04455861684
UAE,290.9547622,290.9547622,290.4090172,292.5512644,290.2148162,290.2486282,290.017851,288.6470226,290.0796993,292.4277074,288.9354371,290.2490136,291.6020259,291.0519095,291.5245424,290.2912421,290.9421264,292.2321816,292.329974,290.0618819,292.0096555,290.9655768,293.0306567,290.6945463,291.1882659,289.9957871,290.3974346,289.7532358,291.5603285,292.4368555,291.2348154,292.0406742,290.6147993,291.4974228,291.3833172,292.3135804,290.937319,293.0929999,291.3507089,291.5286772,292.4086651,292.5558965,0.1084384708
UGA,296.6463761,296.7216023,296.4246444,296.6431082,296.7969234,297.1366866,296.7908079,296.60479,296.4078938,296.3990835,296.9705922,296.1422714,297.5028065,297.5285082,296.5403805,296.861391,296.385812,296.9192587,296.9443259,296.010715,296.9687366,296.9041448,297.3726723,297.3138802,297.8120262,296.7208887,297.0054402,297.3321074,297.2135288,297.0878767,297.1227076,297.1130203,297.6973325,297.4875782,297.5915285,298.6129541,297.4631646,297.8408278,297.2222724,297.1654356,297.5702498,297.7627577,0.06346924633
UGY,285.3709605,282.7694808,283.1432318,285.6674017,287.331046,284.0339015,282.2833706,284.8018853,283.0084456,284.4629625,286.7945004,284.7051258,285.8372466,283.5429054,282.5563338,284.83497,284.5904358,284.1228588,286.1290805,286.2595358,283.7499414,285.6134207,285.8956993,288.1433898,285.7920495,283.6301743,283.5953812,283.4358853,285.0589524,284.4216346,284.5682712,284.651835,284.7227388,285.8808227,282.762574,286.4499195,283.5686257,288.0375343,285.8435377,284.7997682,282.7779041,285.873319,0.1429272967
UKR,269.1329502,269.1329502,271.6451315,265.2949545,271.2409457,261.2191381,268.8076195,272.7493989,272.4213112,271.2615168,270.6533084,270.9548727,273.7665222,269.7835667,264.8275848,267.1784876,271.544972,271.78661,268.7183355,272.6888916,270.1427877,269.3819097,269.9267369,272.8719817,265.0144904,275.2378155,269.7106925,269.8546712,265.7718787,269.5085183,269.431888,270.2680434,269.3108402,272.0920868,268.1594128,267.9607283,271.1686465,269.6093899,273.6594359,271.4865999,271.673232,273.3260844,0.34191896
USA,268.9134499,268.9134499,270.7461359,269.1159752,273.7918812,272.1378495,270.0836833,273.4276623,274.9545386,270.8671834,273.3101268,271.3712861,270.6956141,272.9588408,270.8177907,270.8779363,273.8572459,273.0167144,273.0899178,271.8676856,273.7895055,272.5366944,270.9287318,272.6252403,276.3998105,272.0053193,271.5128754,271.499833,271.5581491,270.8736753,274.7256254,272.2119757,271.4522907,272.8930459,272.6258237,273.095311,272.743003,272.5201434,274.539048,274.0591954,271.7754042,274.2723867,0.1825941606
UZB,269.8590248,269.8590248,269.8139984,269.1124754,273.3310684,273.4765107,271.5555087,269.5596395,269.5485107,269.6103794,272.2682091,270.7076605,269.6184041,271.6531179,267.6253272,272.3807953,268.7115568,272.3908797,272.0014588,269.625648,274.9291617,272.6268052,274.4901785,270.8361143,264.096277,274.0479005,260.1723875,271.3276036,272.1145989,269.8282798,268.5129118,273.0817888,270.2856821,271.9411154,275.436524,272.4291306,270.5764715,274.9974383,273.2583878,271.4033753,273.1671156,268.3649156,0.3722960123
VEN,298.0659447,298.0659447,297.7736801,297.4841248,297.4906402,297.8261854,298.2612354,297.0146346,297.6121119,297.8931829,297.8008756,297.7213726,298.0613981,298.1421253,297.9884897,297.5604943,299.2102441,297.5511147,297.3354299,297.6631969,298.2700452,298.971633,298.2623045,298.5976622,298.1475738,299.0852933,298.3171836,298.262277,299.4107518,298.3046996,298.2499856,299.293761,298.6639383,299.0941745,300.0317031,297.8706097,298.8171475,298.641529,299.2960826,297.9125636,298.1757523,297.8953595,0.07358703805
VNM,291.9339254,291.9339254,290.1317984,291.2116498,291.3825584,292.844934,293.2774264,291.7247687,292.7101043,293.1574039,291.0790355,291.0885555,292.6658271,291.7695512,291.7641063,292.1392633,293.8330028,292.4805348,292.8764081,293.2229152,292.4090692,291.880732,292.4842607,291.8853496,292.6603728,291.8084388,291.6632218,290.7324574,293.277031,289.9187782,291.6662545,291.9353855,291.3067899,291.9472464,293.2385548,293.7806024,292.9520611,293.2872428,293.8688238,291.1592597,293.3043191,291.7883054,0.09634257419
YEM,292.3453584,292.3453584,290.4308911,293.1226422,290.2193516,291.1054487,291.4807983,290.3456801,292.6315526,293.2551061,291.2143111,291.5170927,291.8635065,291.7271057,293.3396505,291.8691746,293.188235,292.5403048,292.2771318,290.2433509,292.5672153,292.0002535,293.3811542,292.176299,292.6439669,291.2456552,292.7004024,291.4660019,291.9214128,292.3459291,292.6253549,292.3471154,292.1534303,291.3998711,293.083774,293.4681707,290.5925409,293.4585911,292.5380322,291.9411218,293.2133345,292.8565821,0.07923948968
ZMB,291.7850392,292.7520032,291.2597067,290.4001404,290.2610139,290.7399644,292.060286,291.3477901,292.6354025,291.5547355,291.8674858,291.1035409,290.945186,291.3747262,291.1201671,293.0016258,291.7586927,291.7178084,292.1291196,291.2588881,291.4426998,291.823466,290.8290105,292.6678821,291.2579682,291.685288,290.8319568,292.3288503,291.0965966,291.9668662,291.4820719,291.5742698,292.0260954,291.8795111,291.1523412,292.1253073,291.7624957,291.1426099,291.5796474,291.1568357,290.7403577,293.1976133,0.0716243756
ZWE,289.6274152,290.668347,289.0574172,288.7205477,288.372445,289.0203925,289.5453949,289.8729071,290.9631476,289.5662885,290.1894016,289.9711138,289.2498272,289.0651425,288.7551403,290.4787219,289.8611627,289.6999567,289.322351,289.1382486,289.1630028,289.5806847,288.8858031,291.0723703,289.0885378,289.7723685,289.4436572,290.0974413,289.0483492,289.7820076,289.9883337,290.1242691,289.9371844,289.8213247,289.9299908,290.1384068,289.977709,289.8692802,289.7094298,289.8253139,288.8352365,292.0128568,0.0887905321